system,truth_nm,estimate_nm,confidence,repeat
dual_single_helix,432.0,430.0,0.2873529990519596,0
single_double_helix,432.0,430.0,0.48249341486211694,0
dual_single_helix,432.0,430.0,0.2953960472155555,1
single_double_helix,432.0,430.0,0.4688879422864085,1
dual_single_helix,432.0,430.0,0.30557335931926377,2
single_double_helix,432.0,430.0,0.46559703392524615,2
dual_single_helix,432.0,430.0,0.3061851356019677,3
single_double_helix,432.0,430.0,0.4991625051568051,3
dual_single_helix,432.0,430.0,0.27424892746140217,4
single_double_helix,432.0,430.0,0.5026937368630012,4
dual_single_helix,432.0,430.0,0.3541879169354423,5
single_double_helix,432.0,430.0,0.44718607977121544,5
dual_single_helix,432.0,430.0,0.282185975111824,6
single_double_helix,432.0,430.0,0.47700017821511753,6
dual_single_helix,432.0,430.0,0.2663892327929112,7
single_double_helix,432.0,430.0,0.483921271129489,7
dual_single_helix,432.0,430.0,0.3118349094324672,8
single_double_helix,432.0,430.0,0.474526725435911,8
dual_single_helix,432.0,430.0,0.2905069619808111,9
single_double_helix,432.0,430.0,0.46993852433271394,9
dual_single_helix,432.0,430.0,0.3116272662293087,10
single_double_helix,432.0,430.0,0.46090700645509014,10
dual_single_helix,432.0,430.0,0.2913718295719198,11
single_double_helix,432.0,430.0,0.49409084945233717,11
dual_single_helix,432.0,430.0,0.2871877507512421,12
single_double_helix,432.0,430.0,0.5169102175273723,12
dual_single_helix,432.0,430.0,0.31315077630969645,13
single_double_helix,432.0,430.0,0.455745772023654,13
dual_single_helix,432.0,430.0,0.3034981580136535,14
single_double_helix,432.0,430.0,0.5017676590395905,14
dual_single_helix,432.0,430.0,0.31296124153516913,15
single_double_helix,432.0,430.0,0.4588372623282669,15
dual_single_helix,432.0,430.0,0.32015984370189887,16
single_double_helix,432.0,430.0,0.49100475137622607,16
dual_single_helix,432.0,430.0,0.3345818208634178,17
single_double_helix,432.0,430.0,0.47259183810771505,17
dual_single_helix,432.0,430.0,0.3286959043368998,18
single_double_helix,432.0,430.0,0.49189749962567314,18
dual_single_helix,432.0,430.0,0.30816816385133483,19
single_double_helix,432.0,430.0,0.5078374476867075,19
dual_single_helix,487.0,485.0,0.4377183549077006,0
single_double_helix,487.0,485.0,0.5742722611746156,0
dual_single_helix,487.0,485.0,0.42134291800342705,1
single_double_helix,487.0,485.0,0.5618240152487778,1
dual_single_helix,487.0,485.0,0.4594415399129859,2
single_double_helix,487.0,485.0,0.5566613177725521,2
dual_single_helix,487.0,485.0,0.4424824996660149,3
single_double_helix,487.0,485.0,0.5757617057002087,3
dual_single_helix,487.0,485.0,0.4541512512884076,4
single_double_helix,487.0,485.0,0.572119127462298,4
dual_single_helix,487.0,485.0,0.42364420349365395,5
single_double_helix,487.0,485.0,0.56003903871638,5
dual_single_helix,487.0,485.0,0.4350585187766939,6
single_double_helix,487.0,485.0,0.6020913426395345,6
dual_single_helix,487.0,485.0,0.4322086915931216,7
single_double_helix,487.0,485.0,0.5808535474558797,7
dual_single_helix,487.0,485.0,0.4448169615006134,8
single_double_helix,487.0,485.0,0.566643297336395,8
dual_single_helix,487.0,485.0,0.4137049874066624,9
single_double_helix,487.0,485.0,0.5497189160563654,9
dual_single_helix,487.0,485.0,0.4513646560772606,10
single_double_helix,487.0,485.0,0.5597901794364425,10
dual_single_helix,487.0,485.0,0.4406728739274468,11
single_double_helix,487.0,485.0,0.5415079727811333,11
dual_single_helix,487.0,485.0,0.4487896936947613,12
single_double_helix,487.0,485.0,0.5791790989206987,12
dual_single_helix,487.0,485.0,0.4473273556906497,13
single_double_helix,487.0,485.0,0.5687575875201742,13
dual_single_helix,487.0,485.0,0.45069339069654935,14
single_double_helix,487.0,485.0,0.5694251475897153,14
dual_single_helix,487.0,485.0,0.44614065463186564,15
single_double_helix,487.0,485.0,0.5787814218570889,15
dual_single_helix,487.0,485.0,0.44134726534544066,16
single_double_helix,487.0,485.0,0.5601270176623592,16
dual_single_helix,487.0,485.0,0.4692119696239219,17
single_double_helix,487.0,485.0,0.5674330962565132,17
dual_single_helix,487.0,485.0,0.48486770216631714,18
single_double_helix,487.0,485.0,0.5878000070068639,18
dual_single_helix,487.0,485.0,0.4716506222922744,19
single_double_helix,487.0,485.0,0.557261694560184,19
dual_single_helix,542.0,540.0,0.3490409123631604,0
single_double_helix,542.0,540.0,0.4201382047930294,0
dual_single_helix,542.0,540.0,0.3474657694650206,1
single_double_helix,542.0,540.0,0.40692702254955343,1
dual_single_helix,542.0,540.0,0.336408776301177,2
single_double_helix,542.0,540.0,0.4109876206134921,2
dual_single_helix,542.0,540.0,0.3582908920229567,3
single_double_helix,542.0,540.0,0.4240928485310223,3
dual_single_helix,542.0,540.0,0.34190177839836977,4
single_double_helix,542.0,540.0,0.4576281828912715,4
dual_single_helix,542.0,540.0,0.3595685528892115,5
single_double_helix,542.0,540.0,0.46220151739570403,5
dual_single_helix,542.0,540.0,0.35240643930438476,6
single_double_helix,542.0,540.0,0.4511098046588762,6
dual_single_helix,542.0,540.0,0.32912742290416636,7
single_double_helix,542.0,540.0,0.4391026094711621,7
dual_single_helix,542.0,540.0,0.3301048202970082,8
single_double_helix,542.0,540.0,0.4458807857286549,8
dual_single_helix,542.0,540.0,0.34081840678020514,9
single_double_helix,542.0,540.0,0.4916594780503129,9
dual_single_helix,542.0,540.0,0.33809122759501925,10
single_double_helix,542.0,540.0,0.4216644901116529,10
dual_single_helix,542.0,540.0,0.33422707952559916,11
single_double_helix,542.0,540.0,0.4391548842749775,11
dual_single_helix,542.0,540.0,0.3435014272290555,12
single_double_helix,542.0,540.0,0.4904089608506845,12
dual_single_helix,542.0,540.0,0.33821301168285417,13
single_double_helix,542.0,540.0,0.4328975082186426,13
dual_single_helix,542.0,540.0,0.3614136027092847,14
single_double_helix,542.0,540.0,0.4350416800927627,14
dual_single_helix,542.0,540.0,0.3394108030960565,15
single_double_helix,542.0,540.0,0.45178699304856,15
dual_single_helix,542.0,540.0,0.3350839265850565,16
single_double_helix,542.0,540.0,0.4452345894726403,16
dual_single_helix,542.0,540.0,0.32727975879258386,17
single_double_helix,542.0,540.0,0.4357886026058612,17
dual_single_helix,542.0,540.0,0.35559078990710735,18
single_double_helix,542.0,540.0,0.4399247567115119,18
dual_single_helix,542.0,540.0,0.3244799662076914,19
single_double_helix,542.0,540.0,0.4305514904187885,19
dual_single_helix,597.0,595.0,0.22650569249708324,0
single_double_helix,597.0,595.0,0.3254800139995477,0
dual_single_helix,597.0,595.0,0.24573111147955412,1
single_double_helix,597.0,595.0,0.34398158085886343,1
dual_single_helix,597.0,595.0,0.24974765594397794,2
single_double_helix,597.0,595.0,0.3479160399910009,2
dual_single_helix,597.0,595.0,0.26364618912632176,3
single_double_helix,597.0,595.0,0.32011756874105657,3
dual_single_helix,597.0,595.0,0.259386808731689,4
single_double_helix,597.0,595.0,0.3326883606043607,4
dual_single_helix,597.0,595.0,0.23032642937997505,5
single_double_helix,597.0,595.0,0.3067810363881877,5
dual_single_helix,597.0,595.0,0.23154175795628668,6
single_double_helix,597.0,595.0,0.3376398229365231,6
dual_single_helix,597.0,595.0,0.2238018869876448,7
single_double_helix,597.0,595.0,0.28457617874223273,7
dual_single_helix,597.0,595.0,0.20697899670205291,8
single_double_helix,597.0,595.0,0.3199283416613791,8
dual_single_helix,597.0,595.0,0.20488878286755652,9
single_double_helix,597.0,595.0,0.31536466462474555,9
dual_single_helix,597.0,595.0,0.2126260820282365,10
single_double_helix,597.0,595.0,0.3554889067115138,10
dual_single_helix,597.0,595.0,0.2382840295213621,11
single_double_helix,597.0,595.0,0.28428811444825275,11
dual_single_helix,597.0,595.0,0.2403552769230479,12
single_double_helix,597.0,595.0,0.34340221967313206,12
dual_single_helix,597.0,595.0,0.24153324870345946,13
single_double_helix,597.0,595.0,0.32778637337502575,13
dual_single_helix,597.0,595.0,0.25735441061426567,14
single_double_helix,597.0,595.0,0.2987324406915262,14
dual_single_helix,597.0,595.0,0.24104495530045744,15
single_double_helix,597.0,595.0,0.32504566232406096,15
dual_single_helix,597.0,595.0,0.24946210391136805,16
single_double_helix,597.0,595.0,0.3197828771919091,16
dual_single_helix,597.0,595.0,0.2735062116148654,17
single_double_helix,597.0,595.0,0.30891482861856023,17
dual_single_helix,597.0,595.0,0.19109686227465833,18
single_double_helix,597.0,595.0,0.32244816598774706,18
dual_single_helix,597.0,595.0,0.230660573206603,19
single_double_helix,597.0,595.0,0.3099251114985913,19
dual_single_helix,652.0,650.0,0.1312245007025801,0
single_double_helix,652.0,650.0,0.18177463469254837,0
dual_single_helix,652.0,650.0,0.13555103830372275,1
single_double_helix,652.0,650.0,0.15456253901491193,1
dual_single_helix,652.0,650.0,0.06894664767950008,2
single_double_helix,652.0,650.0,0.1897907189135871,2
dual_single_helix,652.0,650.0,0.14584767923833394,3
single_double_helix,652.0,650.0,0.16205397131857965,3
dual_single_helix,652.0,650.0,0.10333853620174194,4
single_double_helix,652.0,650.0,0.16814887626834588,4
dual_single_helix,652.0,650.0,0.09679085740431158,5
single_double_helix,652.0,650.0,0.18817133098368896,5
dual_single_helix,652.0,650.0,0.1266547113199835,6
single_double_helix,652.0,650.0,0.2070975058775261,6
dual_single_helix,652.0,650.0,0.10880237230429472,7
single_double_helix,652.0,650.0,0.18871849342708466,7
dual_single_helix,652.0,650.0,0.1316540326068893,8
single_double_helix,652.0,650.0,0.1739970429769758,8
dual_single_helix,652.0,650.0,0.1107863636055298,9
single_double_helix,652.0,650.0,0.19999680980789655,9
dual_single_helix,652.0,650.0,0.0743545571296005,10
single_double_helix,652.0,650.0,0.19944686035671128,10
dual_single_helix,652.0,650.0,0.14759810777634186,11
single_double_helix,652.0,650.0,0.20875653469930142,11
dual_single_helix,652.0,650.0,0.09001795621683732,12
single_double_helix,652.0,650.0,0.19822719997663082,12
dual_single_helix,652.0,650.0,0.09322901570049717,13
single_double_helix,652.0,650.0,0.21244804441173534,13
dual_single_helix,652.0,650.0,0.13897635685882007,14
single_double_helix,652.0,650.0,0.15611454448804207,14
dual_single_helix,652.0,650.0,0.13088373614739782,15
single_double_helix,652.0,650.0,0.13974543356494765,15
dual_single_helix,652.0,650.0,0.10879836899843708,16
single_double_helix,652.0,650.0,0.16729672761159864,16
dual_single_helix,652.0,650.0,0.10578416399255172,17
single_double_helix,652.0,650.0,0.16689616074465558,17
dual_single_helix,652.0,650.0,0.13545955665588594,18
single_double_helix,652.0,650.0,0.19966406410895232,18
dual_single_helix,652.0,650.0,0.1366922092455525,19
single_double_helix,652.0,650.0,0.1948255042781316,19
dual_single_helix,687.0,685.0,0.07027532033920397,0
single_double_helix,687.0,685.0,0.19972109822604558,0
dual_single_helix,687.0,685.0,0.11237087057167264,1
single_double_helix,687.0,685.0,0.16254612377979535,1
dual_single_helix,687.0,685.0,0.08232255233628617,2
single_double_helix,687.0,685.0,0.1506000088340102,2
dual_single_helix,687.0,685.0,0.09379203728206703,3
single_double_helix,687.0,685.0,0.16195710256047524,3
dual_single_helix,687.0,685.0,0.09461707804052012,4
single_double_helix,687.0,685.0,0.13597727312075802,4
dual_single_helix,687.0,685.0,0.11091412613126884,5
single_double_helix,687.0,685.0,0.18692375865020078,5
dual_single_helix,687.0,685.0,0.04377802878835566,6
single_double_helix,687.0,685.0,0.177004866908963,6
dual_single_helix,687.0,685.0,0.08351054348299483,7
single_double_helix,687.0,685.0,0.18748892883717877,7
dual_single_helix,687.0,685.0,0.1061213745351618,8
single_double_helix,687.0,685.0,0.16397216649500435,8
dual_single_helix,687.0,685.0,0.08527372187052297,9
single_double_helix,687.0,685.0,0.1792594645735529,9
dual_single_helix,687.0,685.0,0.07001473841264927,10
single_double_helix,687.0,685.0,0.18985905671927208,10
dual_single_helix,687.0,685.0,0.07477465740448103,11
single_double_helix,687.0,685.0,0.16747774241752245,11
dual_single_helix,687.0,685.0,0.08314705477280254,12
single_double_helix,687.0,685.0,0.1641054674272266,12
dual_single_helix,687.0,685.0,0.08569634642026544,13
single_double_helix,687.0,685.0,0.17287374641130096,13
dual_single_helix,687.0,685.0,0.10402224810185903,14
single_double_helix,687.0,685.0,0.17316711051236877,14
dual_single_helix,687.0,685.0,0.054516034958104066,15
single_double_helix,687.0,685.0,0.17417909383018407,15
dual_single_helix,687.0,685.0,0.08946757970443162,16
single_double_helix,687.0,685.0,0.12205018786640878,16
dual_single_helix,687.0,685.0,0.08718494996232515,17
single_double_helix,687.0,685.0,0.1368804179483151,17
dual_single_helix,687.0,685.0,0.08399385540948386,18
single_double_helix,687.0,685.0,0.19218556365776407,18
dual_single_helix,687.0,685.0,0.09173334408721197,19
single_double_helix,687.0,685.0,0.1641927945289625,19
