system,truth_nm,estimate_nm,error_nm,confidence,repeat
double_helix,432.0,431.84992151488893,-0.15007848511106658,0.09160349567715637,0
best_single_helix,432.0,431.8350273999217,-0.16497260007827208,0.06361967757875445,0
original_dual_plus_minus,432.0,431.84016687929886,-0.15983312070113698,0.04634126616486131,0
top_1_z06_c2_s2_hm1__z06_c2_s2_hm1,432.0,431.2634653390096,-0.7365346609904009,0.056141658360635185,0
top_2_z04_c2_s2_hm1__z08_c2_s2_hp1,432.0,431.86202585525524,-0.13797414474476,0.035247218239381185,0
top_3_z06_c2_s2_hp1__z06_c2_s2_hp1,432.0,431.57726906072867,-0.4227309392713323,0.041661234102554914,0
double_helix,432.0,431.6284765550244,-0.371523444975594,0.11591851086429787,1
best_single_helix,432.0,431.43763922606144,-0.5623607739385648,0.09546380038107757,1
original_dual_plus_minus,432.0,431.83633037800746,-0.16366962199253976,0.049781363150732685,1
top_1_z06_c2_s2_hm1__z06_c2_s2_hm1,432.0,431.44969357564156,-0.550306424358439,0.04918491507224471,1
top_2_z04_c2_s2_hm1__z08_c2_s2_hp1,432.0,431.7481848268195,-0.2518151731804892,0.03973721712385073,1
top_3_z06_c2_s2_hp1__z06_c2_s2_hp1,432.0,431.1174635645509,-0.882536435449083,0.06298013959185227,1
double_helix,432.0,431.5321457773312,-0.46785422266879095,0.12288407655591947,2
best_single_helix,432.0,431.79169305836456,-0.20830694163544194,0.06372310439904547,2
original_dual_plus_minus,432.0,431.77896857354534,-0.22103142645465823,0.05220615520574285,2
top_1_z06_c2_s2_hm1__z06_c2_s2_hm1,432.0,431.93031869970423,-0.06968130029576969,0.024347150484968078,2
top_2_z04_c2_s2_hm1__z08_c2_s2_hp1,432.0,431.81614406223287,-0.1838559377671345,0.038830900038140374,2
top_3_z06_c2_s2_hp1__z06_c2_s2_hp1,432.0,431.43627750234896,-0.5637224976510424,0.04712525808710873,2
double_helix,432.0,431.79547555526034,-0.20452444473966125,0.10228548185584642,3
best_single_helix,432.0,431.7454623655963,-0.2545376344036754,0.07176509948729506,3
original_dual_plus_minus,432.0,431.7142451064727,-0.28575489352732575,0.054076931323437986,3
top_1_z06_c2_s2_hm1__z06_c2_s2_hm1,432.0,431.55164618371555,-0.4483538162844525,0.04179795348164099,3
top_2_z04_c2_s2_hm1__z08_c2_s2_hp1,432.0,431.79163923617426,-0.20836076382573765,0.03901942477631997,3
top_3_z06_c2_s2_hp1__z06_c2_s2_hp1,432.0,431.4762745273316,-0.5237254726683886,0.04840970322335783,3
double_helix,432.0,431.72890410089724,-0.271095899102761,0.09920859845791079,4
best_single_helix,432.0,431.78228004253214,-0.21771995746786388,0.06789900958483769,4
original_dual_plus_minus,432.0,431.9412724472493,-0.0587275527507245,0.040072311660927014,4
top_1_z06_c2_s2_hm1__z06_c2_s2_hm1,432.0,431.2651819316242,-0.7348180683757732,0.05394233143913757,4
top_2_z04_c2_s2_hm1__z08_c2_s2_hp1,432.0,431.2701830541711,-0.7298169458288726,0.06947905889154206,4
top_3_z06_c2_s2_hp1__z06_c2_s2_hp1,432.0,431.5853601904566,-0.4146398095434165,0.04041364355549759,4
double_helix,432.0,431.97386404391005,-0.02613595608994501,0.07726005923373729,5
best_single_helix,432.0,431.63147767002226,-0.36852232997773626,0.0782163286946165,5
original_dual_plus_minus,432.0,432.01985931495295,0.0198593149529529,0.03729250063086189,5
top_1_z06_c2_s2_hm1__z06_c2_s2_hm1,432.0,431.62619057378953,-0.373809426210471,0.037309872796179415,5
top_2_z04_c2_s2_hm1__z08_c2_s2_hp1,432.0,432.10454199700825,0.10454199700825484,0.021796352614848212,5
top_3_z06_c2_s2_hp1__z06_c2_s2_hp1,432.0,431.57573986699174,-0.4242601330082607,0.04199852189654103,5
double_helix,432.0,431.6728666981069,-0.3271333018931273,0.11672246224419147,6
best_single_helix,432.0,431.2609972583681,-0.7390027416319072,0.12049111875034955,6
original_dual_plus_minus,432.0,431.6192592651865,-0.38074073481351434,0.06698766311303439,6
top_1_z06_c2_s2_hm1__z06_c2_s2_hm1,432.0,431.5011039831128,-0.4988960168872154,0.04636796139593468,6
top_2_z04_c2_s2_hm1__z08_c2_s2_hp1,432.0,431.7786352001604,-0.22136479983959134,0.04170349465911857,6
top_3_z06_c2_s2_hp1__z06_c2_s2_hp1,432.0,431.46767703888435,-0.5323229611156535,0.04373609822681319,6
double_helix,432.0,431.9101611339181,-0.08983886608189096,0.08480228745917881,7
best_single_helix,432.0,431.8056282053342,-0.19437179466581256,0.06404396419221728,7
original_dual_plus_minus,432.0,432.1477127869027,0.1477127869026731,0.02603000949989684,7
top_1_z06_c2_s2_hm1__z06_c2_s2_hm1,432.0,431.93782313178167,-0.06217686821833013,0.025868798497734602,7
top_2_z04_c2_s2_hm1__z08_c2_s2_hp1,432.0,431.6301411732294,-0.36985882677061,0.05130547517062795,7
top_3_z06_c2_s2_hp1__z06_c2_s2_hp1,432.0,431.78198731187996,-0.21801268812004082,0.031194654850185022,7
double_helix,432.0,431.79535984565706,-0.2046401543429397,0.09789565057080246,8
best_single_helix,432.0,431.4337290896116,-0.5662709103884254,0.09337347800370747,8
original_dual_plus_minus,432.0,431.9563142913908,-0.04368570860918908,0.041843325675351296,8
top_1_z06_c2_s2_hm1__z06_c2_s2_hm1,432.0,431.695899538912,-0.30410046108801225,0.03617998602486192,8
top_2_z04_c2_s2_hm1__z08_c2_s2_hp1,432.0,431.7526464514225,-0.24735354857750735,0.04485825582609312,8
top_3_z06_c2_s2_hp1__z06_c2_s2_hp1,432.0,431.5005645682996,-0.4994354317004195,0.04474976761945924,8
double_helix,432.0,431.67871112945403,-0.32128887054597044,0.12760861194596315,9
best_single_helix,432.0,431.34604188098854,-0.6539581190114632,0.10715077750034976,9
original_dual_plus_minus,432.0,432.01134366060484,0.011343660604836714,0.03166117785124125,9
top_1_z06_c2_s2_hm1__z06_c2_s2_hm1,432.0,431.59905886405033,-0.4009411359496653,0.040147859787365854,9
top_2_z04_c2_s2_hm1__z08_c2_s2_hp1,432.0,431.65783190772703,-0.3421680922729706,0.04724726989463145,9
top_3_z06_c2_s2_hp1__z06_c2_s2_hp1,432.0,431.404863623877,-0.59513637612298,0.046444208683596666,9
double_helix,432.0,431.5411646204814,-0.45883537951857534,0.13816021042145138,10
best_single_helix,432.0,431.5977906677813,-0.40220933221871746,0.08911801498161925,10
original_dual_plus_minus,432.0,432.0432972836776,0.043297283677588894,0.03555508733296078,10
top_1_z06_c2_s2_hm1__z06_c2_s2_hm1,432.0,431.41203734765645,-0.587962652343549,0.05226076733173287,10
top_2_z04_c2_s2_hm1__z08_c2_s2_hp1,432.0,431.6749287832804,-0.32507121671960704,0.042171504100542365,10
top_3_z06_c2_s2_hp1__z06_c2_s2_hp1,432.0,431.27201163270945,-0.7279883672905498,0.05365465285803522,10
double_helix,432.0,431.76594050686685,-0.23405949313314522,0.11566863468081301,11
best_single_helix,432.0,431.5652321239724,-0.4347678760275926,0.0796324258788756,11
original_dual_plus_minus,432.0,431.8200463296934,-0.17995367030658826,0.04871596017596359,11
top_1_z06_c2_s2_hm1__z06_c2_s2_hm1,432.0,431.1677692604667,-0.8322307395333155,0.06047784066010463,11
top_2_z04_c2_s2_hm1__z08_c2_s2_hp1,432.0,431.37427666388186,-0.625723336118142,0.06594730328741609,11
top_3_z06_c2_s2_hp1__z06_c2_s2_hp1,432.0,431.2408664503011,-0.7591335496989018,0.05659758801032455,11
double_helix,432.0,431.8917146892424,-0.10828531075759429,0.08458477227982417,12
best_single_helix,432.0,431.9056315512559,-0.09436844874409189,0.05465426582348379,12
original_dual_plus_minus,432.0,431.72827482461827,-0.27172517538173224,0.0619970026496453,12
top_1_z06_c2_s2_hm1__z06_c2_s2_hm1,432.0,431.48906048786915,-0.5109395121308467,0.04310313262944238,12
top_2_z04_c2_s2_hm1__z08_c2_s2_hp1,432.0,431.4987803076678,-0.5012196923321994,0.052725479694414094,12
top_3_z06_c2_s2_hp1__z06_c2_s2_hp1,432.0,431.5264229265331,-0.47357707346691313,0.04446249008243225,12
double_helix,432.0,431.48025300042934,-0.519746999570657,0.1546203237775584,13
best_single_helix,432.0,431.4740094270727,-0.5259905729272987,0.09805317760876471,13
original_dual_plus_minus,432.0,431.69069708544043,-0.3093029145595665,0.05636755046524573,13
top_1_z06_c2_s2_hm1__z06_c2_s2_hm1,432.0,431.45082548667204,-0.5491745133279551,0.045436636506437436,13
top_2_z04_c2_s2_hm1__z08_c2_s2_hp1,432.0,431.55640939892214,-0.4435906010778581,0.0518427636181034,13
top_3_z06_c2_s2_hp1__z06_c2_s2_hp1,432.0,431.4107806594914,-0.5892193405085777,0.047658797356447895,13
double_helix,432.0,431.664834596352,-0.3351654036479772,0.12069299322248472,14
best_single_helix,432.0,431.3645905406959,-0.6354094593041282,0.1085753105442985,14
original_dual_plus_minus,432.0,431.88912846508833,-0.11087153491166646,0.04740907257118441,14
top_1_z06_c2_s2_hm1__z06_c2_s2_hm1,432.0,431.34687932908173,-0.6531206709182698,0.05100751797415182,14
top_2_z04_c2_s2_hm1__z08_c2_s2_hp1,432.0,431.55874183241224,-0.4412581675877618,0.05263018722429923,14
top_3_z06_c2_s2_hp1__z06_c2_s2_hp1,432.0,431.48546863569385,-0.5145313643061513,0.0486219863278339,14
double_helix,432.0,431.80387577047344,-0.1961242295265606,0.09794730084564393,15
best_single_helix,432.0,431.6407796681176,-0.35922033188239766,0.07719381276371692,15
original_dual_plus_minus,432.0,432.0791926245973,0.07919262459728316,0.031229116904287223,15
top_1_z06_c2_s2_hm1__z06_c2_s2_hm1,432.0,431.5083225647097,-0.49167743529028485,0.04006458412978218,15
top_2_z04_c2_s2_hm1__z08_c2_s2_hp1,432.0,431.7438619622076,-0.25613803779242517,0.04235547978428936,15
top_3_z06_c2_s2_hp1__z06_c2_s2_hp1,432.0,431.6753865705587,-0.32461342944128546,0.036466459545704634,15
double_helix,432.0,431.59614328465864,-0.40385671534136236,0.13730122971704362,16
best_single_helix,432.0,431.58271860889937,-0.4172813911006301,0.09208460410492308,16
original_dual_plus_minus,432.0,431.6563822679824,-0.3436177320176057,0.05947059581214472,16
top_1_z06_c2_s2_hm1__z06_c2_s2_hm1,432.0,431.80783748444014,-0.19216251555985764,0.03205716034335506,16
top_2_z04_c2_s2_hm1__z08_c2_s2_hp1,432.0,431.6197703269222,-0.38022967307779254,0.05389847736997935,16
top_3_z06_c2_s2_hp1__z06_c2_s2_hp1,432.0,431.4815808333469,-0.5184191666530751,0.043088478523021015,16
double_helix,432.0,431.91486192081106,-0.0851380791889369,0.0833156206989732,17
best_single_helix,432.0,431.38989952480284,-0.6101004751971573,0.10442657413655462,17
original_dual_plus_minus,432.0,431.6757171001367,-0.32428289986330583,0.05991317821045938,17
top_1_z06_c2_s2_hm1__z06_c2_s2_hm1,432.0,431.2374186883064,-0.7625813116936229,0.057806370207083985,17
top_2_z04_c2_s2_hm1__z08_c2_s2_hp1,432.0,431.6861815336405,-0.31381846635952115,0.04522524211108837,17
top_3_z06_c2_s2_hp1__z06_c2_s2_hp1,432.0,431.3717728898958,-0.6282271101042056,0.0505334354632497,17
double_helix,432.0,431.77889421018597,-0.2211057898140325,0.10237517084035551,18
best_single_helix,432.0,431.55087202601453,-0.449127973985469,0.08479500605490423,18
original_dual_plus_minus,432.0,431.9010911464344,-0.09890885356560375,0.043634486306969734,18
top_1_z06_c2_s2_hm1__z06_c2_s2_hm1,432.0,431.5620744338853,-0.4379255661146999,0.04159323855893426,18
top_2_z04_c2_s2_hm1__z08_c2_s2_hp1,432.0,431.3158473573403,-0.6841526426596829,0.060198051688985406,18
top_3_z06_c2_s2_hp1__z06_c2_s2_hp1,432.0,431.05582847736633,-0.9441715226336669,0.06228049545561929,18
double_helix,432.0,431.6692013747679,-0.3307986252320916,0.11172689563325354,19
best_single_helix,432.0,431.8955684306203,-0.10443156937969889,0.05541251880180477,19
original_dual_plus_minus,432.0,431.87547444374735,-0.1245255562526495,0.04639261798364492,19
top_1_z06_c2_s2_hm1__z06_c2_s2_hm1,432.0,431.6545332528766,-0.3454667471233961,0.03563151335352004,19
top_2_z04_c2_s2_hm1__z08_c2_s2_hp1,432.0,431.47082832461825,-0.5291716753817468,0.057254396563235506,19
top_3_z06_c2_s2_hp1__z06_c2_s2_hp1,432.0,431.7353359005207,-0.2646640994793188,0.03365938496319713,19
double_helix,487.0,486.8813471500983,-0.11865284990170721,0.10576025996956055,0
best_single_helix,487.0,487.0195182973123,0.01951829731228827,0.09881350704844925,0
original_dual_plus_minus,487.0,486.99826390247455,-0.0017360975254518962,0.04989516588599236,0
top_1_z06_c2_s2_hm1__z06_c2_s2_hm1,487.0,487.0768886439234,0.07688864392338246,0.04387464760823607,0
top_2_z04_c2_s2_hm1__z08_c2_s2_hp1,487.0,487.09107755876715,0.09107755876715373,0.04479508422241237,0
top_3_z06_c2_s2_hp1__z06_c2_s2_hp1,487.0,486.87373059419895,-0.12626940580105384,0.0673363804545206,0
double_helix,487.0,486.96818427184684,-0.03181572815316258,0.09247253203326179,1
best_single_helix,487.0,487.05148377013353,0.05148377013352956,0.08938092098115158,1
original_dual_plus_minus,487.0,486.9298715018122,-0.07012849818778477,0.05028276014481461,1
top_1_z06_c2_s2_hm1__z06_c2_s2_hm1,487.0,486.9067331619256,-0.09326683807438485,0.060468112167818444,1
top_2_z04_c2_s2_hm1__z08_c2_s2_hp1,487.0,487.04766243708974,0.04766243708974116,0.05102280616684752,1
top_3_z06_c2_s2_hp1__z06_c2_s2_hp1,487.0,487.0550792682694,0.055079268269423665,0.0479125535934425,1
double_helix,487.0,487.20897173288324,0.2089717328832421,0.05210104735293827,2
best_single_helix,487.0,487.11382304819864,0.11382304819863975,0.07498221961367402,2
original_dual_plus_minus,487.0,486.8575482600215,-0.1424517399785259,0.060289704979263586,2
top_1_z06_c2_s2_hm1__z06_c2_s2_hm1,487.0,487.0619964820139,0.06199648201391028,0.048834413871025814,2
top_2_z04_c2_s2_hm1__z08_c2_s2_hp1,487.0,486.800724397076,-0.19927560292398994,0.07500093743646329,2
top_3_z06_c2_s2_hp1__z06_c2_s2_hp1,487.0,486.9168042029954,-0.0831957970045778,0.061792801488576445,2
double_helix,487.0,486.96285980386,-0.03714019614000108,0.09150623272789779,3
best_single_helix,487.0,486.9882870788408,-0.011712921159187317,0.10649803260387634,3
original_dual_plus_minus,487.0,487.10503089001963,0.10503089001963417,0.03680574687618334,3
top_1_z06_c2_s2_hm1__z06_c2_s2_hm1,487.0,486.76443679429667,-0.235563205703329,0.07311943628870483,3
top_2_z04_c2_s2_hm1__z08_c2_s2_hp1,487.0,487.05230249491797,0.052302494917967124,0.04918281040076848,3
top_3_z06_c2_s2_hp1__z06_c2_s2_hp1,487.0,486.97597887271377,-0.024021127286232513,0.05585016122477776,3
double_helix,487.0,487.07536590294103,0.07536590294103007,0.07322064778481546,4
best_single_helix,487.0,486.9751588098834,-0.024841190116603684,0.09970092507549257,4
original_dual_plus_minus,487.0,487.1662243294331,0.16622432943307786,0.02858860161446005,4
top_1_z06_c2_s2_hm1__z06_c2_s2_hm1,487.0,486.8899336073312,-0.11006639266878437,0.06597213933145776,4
top_2_z04_c2_s2_hm1__z08_c2_s2_hp1,487.0,486.9749966358156,-0.025003364184385646,0.05692677792774995,4
top_3_z06_c2_s2_hp1__z06_c2_s2_hp1,487.0,486.9433831421848,-0.056616857815185995,0.0572164813748659,4
double_helix,487.0,487.1086823561942,0.1086823561942083,0.07290601790426866,5
best_single_helix,487.0,487.00575220094464,0.005752200944641572,0.09491492853219702,5
original_dual_plus_minus,487.0,487.1613992791562,0.1613992791562282,0.029188121592045473,5
top_1_z06_c2_s2_hm1__z06_c2_s2_hm1,487.0,486.9933438000737,-0.0066561999262830795,0.05670576940698829,5
top_2_z04_c2_s2_hm1__z08_c2_s2_hp1,487.0,486.9291324676777,-0.07086753232232468,0.05846452116927914,5
top_3_z06_c2_s2_hp1__z06_c2_s2_hp1,487.0,486.86686839283465,-0.13313160716535322,0.0624550933299449,5
double_helix,487.0,487.0269707436904,0.026970743690412746,0.08135258851096508,6
best_single_helix,487.0,487.09315978424706,0.09315978424706373,0.08085860746098056,6
original_dual_plus_minus,487.0,487.03551077020705,0.035510770207054065,0.04350918676710331,6
top_1_z06_c2_s2_hm1__z06_c2_s2_hm1,487.0,486.8460881014318,-0.15391189856819665,0.06672643409392197,6
top_2_z04_c2_s2_hm1__z08_c2_s2_hp1,487.0,486.8917369509588,-0.10826304904122708,0.06711326484595881,6
top_3_z06_c2_s2_hp1__z06_c2_s2_hp1,487.0,487.00658271529284,0.006582715292836383,0.05090958293751489,6
double_helix,487.0,486.9292106496087,-0.07078935039129419,0.10183746941523936,7
best_single_helix,487.0,487.0151195956388,0.015119595638793726,0.09366917172037645,7
original_dual_plus_minus,487.0,487.10145126941234,0.10145126941233684,0.03861995465480626,7
top_1_z06_c2_s2_hm1__z06_c2_s2_hm1,487.0,486.964270948591,-0.03572905140902094,0.05481356051336101,7
top_2_z04_c2_s2_hm1__z08_c2_s2_hp1,487.0,487.03893258240254,0.03893258240253772,0.050619103586774024,7
top_3_z06_c2_s2_hp1__z06_c2_s2_hp1,487.0,486.8880916704497,-0.11190832955031738,0.06507103819836492,7
double_helix,487.0,487.22056106905063,0.22056106905063189,0.05313304460656061,8
best_single_helix,487.0,487.0591334169596,0.05913341695958252,0.0849178118393557,8
original_dual_plus_minus,487.0,487.11540823571653,0.11540823571652936,0.032989218252687004,8
top_1_z06_c2_s2_hm1__z06_c2_s2_hm1,487.0,487.06411914237543,0.06411914237543215,0.04178313503255141,8
top_2_z04_c2_s2_hm1__z08_c2_s2_hp1,487.0,487.1030666831175,0.103066683117504,0.040302768102073436,8
top_3_z06_c2_s2_hp1__z06_c2_s2_hp1,487.0,486.96533646330846,-0.03466353669153932,0.055206247222153046,8
double_helix,487.0,486.9131563146717,-0.08684368532829012,0.10262023299839473,9
best_single_helix,487.0,487.22569891491236,0.22569891491235694,0.055304665123665324,9
original_dual_plus_minus,487.0,487.1123748648147,0.11237486481468295,0.03444026588692056,9
top_1_z06_c2_s2_hm1__z06_c2_s2_hm1,487.0,486.9262895175903,-0.07371048240969458,0.05602651130012923,9
top_2_z04_c2_s2_hm1__z08_c2_s2_hp1,487.0,486.9317963214848,-0.06820367851520359,0.059948396058837373,9
top_3_z06_c2_s2_hp1__z06_c2_s2_hp1,487.0,486.8400122034467,-0.15998779655330964,0.06405502290089078,9
double_helix,487.0,486.9899270066562,-0.01007299334378331,0.08954363793199416,10
best_single_helix,487.0,487.33120126008544,0.33120126008543593,0.032921890334205305,10
original_dual_plus_minus,487.0,486.8338976002894,-0.16610239971060992,0.059030372820479626,10
top_1_z06_c2_s2_hm1__z06_c2_s2_hm1,487.0,487.1465400530399,0.1465400530399279,0.03729414890538458,10
top_2_z04_c2_s2_hm1__z08_c2_s2_hp1,487.0,486.8545260224374,-0.14547397756257396,0.06864214282460344,10
top_3_z06_c2_s2_hp1__z06_c2_s2_hp1,487.0,487.08855365605706,0.08855365605705856,0.04316323863212579,10
double_helix,487.0,486.9987518556037,-0.0012481443962997218,0.08754717286622903,11
best_single_helix,487.0,486.98361109079576,-0.01638890920423819,0.10103189006761534,11
original_dual_plus_minus,487.0,487.1165154415233,0.11651544152329052,0.034070779591576554,11
top_1_z06_c2_s2_hm1__z06_c2_s2_hm1,487.0,487.16506190877385,0.16506190877385052,0.03613197980601861,11
top_2_z04_c2_s2_hm1__z08_c2_s2_hp1,487.0,487.0113967622375,0.01139676223749575,0.0545951038134607,11
top_3_z06_c2_s2_hp1__z06_c2_s2_hp1,487.0,487.21776339301437,0.21776339301436565,0.02969310024281694,11
double_helix,487.0,487.04772896962555,0.04772896962555251,0.07971086243198028,12
best_single_helix,487.0,487.08993921122743,0.08993921122743131,0.08370466440449836,12
original_dual_plus_minus,487.0,487.28852515128,0.2885251512799982,0.018869081434381874,12
top_1_z06_c2_s2_hm1__z06_c2_s2_hm1,487.0,487.2236340684869,0.22363406848688783,0.029403669735490523,12
top_2_z04_c2_s2_hm1__z08_c2_s2_hp1,487.0,487.00517073019876,0.005170730198756246,0.05552427134056674,12
top_3_z06_c2_s2_hp1__z06_c2_s2_hp1,487.0,487.2095138523844,0.20951385238441844,0.03268390663324536,12
double_helix,487.0,487.0770342971906,0.0770342971906075,0.07710892165283038,13
best_single_helix,487.0,486.96684929025446,-0.03315070974554146,0.1014170486986911,13
original_dual_plus_minus,487.0,486.9569615832564,-0.043038416743627295,0.046637105102288565,13
top_1_z06_c2_s2_hm1__z06_c2_s2_hm1,487.0,486.8290356116461,-0.1709643883539229,0.06676946203854162,13
top_2_z04_c2_s2_hm1__z08_c2_s2_hp1,487.0,486.97830939755886,-0.021690602441140072,0.057856071206714224,13
top_3_z06_c2_s2_hp1__z06_c2_s2_hp1,487.0,486.88568646270096,-0.11431353729904004,0.06267443808854374,13
double_helix,487.0,487.06414656298085,0.0641465629808522,0.07734415025149906,14
best_single_helix,487.0,487.08597059016705,0.08597059016705089,0.09252755804042191,14
original_dual_plus_minus,487.0,487.2085777533425,0.20857775334252437,0.027515030463071986,14
top_1_z06_c2_s2_hm1__z06_c2_s2_hm1,487.0,486.95803392266964,-0.04196607733035762,0.05514042043043276,14
top_2_z04_c2_s2_hm1__z08_c2_s2_hp1,487.0,486.99025154938784,-0.009748450612164561,0.05731829079650317,14
top_3_z06_c2_s2_hp1__z06_c2_s2_hp1,487.0,486.68988760029083,-0.31011239970916904,0.0824068006499101,14
double_helix,487.0,487.00460909603396,0.004609096033959759,0.08784241077412523,15
best_single_helix,487.0,486.96333160545004,-0.03666839454996307,0.11132980660126619,15
original_dual_plus_minus,487.0,487.16090783025106,0.16090783025106248,0.03127649524875577,15
top_1_z06_c2_s2_hm1__z06_c2_s2_hm1,487.0,487.0429257755957,0.042925775595676896,0.050685786493511596,15
top_2_z04_c2_s2_hm1__z08_c2_s2_hp1,487.0,486.9577854434559,-0.04221455654408146,0.061154537905701745,15
top_3_z06_c2_s2_hp1__z06_c2_s2_hp1,487.0,487.05441607947824,0.05441607947824423,0.04800540195990347,15
double_helix,487.0,487.1408712447768,0.1408712447768039,0.06639096458547811,16
best_single_helix,487.0,487.14504881958356,0.14504881958356464,0.0745332697139898,16
original_dual_plus_minus,487.0,486.8593864889822,-0.14061351101781838,0.05396788782075051,16
top_1_z06_c2_s2_hm1__z06_c2_s2_hm1,487.0,486.9267460805,-0.07325391950001858,0.057839468294358716,16
top_2_z04_c2_s2_hm1__z08_c2_s2_hp1,487.0,486.94018621707573,-0.05981378292426598,0.056108609559548925,16
top_3_z06_c2_s2_hp1__z06_c2_s2_hp1,487.0,487.03802861665855,0.03802861665855062,0.04554414382338288,16
double_helix,487.0,487.13318293728975,0.13318293728974595,0.07274291079382375,17
best_single_helix,487.0,486.9261924828333,-0.0738075171666992,0.10915368250701901,17
original_dual_plus_minus,487.0,487.32902600202937,0.3290260020293658,0.016252456152056446,17
top_1_z06_c2_s2_hm1__z06_c2_s2_hm1,487.0,487.0125013221314,0.012501322131413417,0.05188270771824299,17
top_2_z04_c2_s2_hm1__z08_c2_s2_hp1,487.0,487.10337547904913,0.10337547904913436,0.043516692677899406,17
top_3_z06_c2_s2_hp1__z06_c2_s2_hp1,487.0,486.8371536339066,-0.16284636609339032,0.06678572585886035,17
double_helix,487.0,486.84586023755986,-0.15413976244013838,0.11967753591893754,18
best_single_helix,487.0,486.9965431707939,-0.003456829206072598,0.09559853892396541,18
original_dual_plus_minus,487.0,487.1070157642073,0.10701576420728998,0.035861448127357476,18
top_1_z06_c2_s2_hm1__z06_c2_s2_hm1,487.0,487.11736462924665,0.11736462924665148,0.04093453404884606,18
top_2_z04_c2_s2_hm1__z08_c2_s2_hp1,487.0,487.0117334164247,0.011733416424704046,0.05418464542203825,18
top_3_z06_c2_s2_hp1__z06_c2_s2_hp1,487.0,486.8896223166272,-0.1103776833728034,0.061406362675171904,18
double_helix,487.0,487.01650233179794,0.016502331797937586,0.08722984376954755,19
best_single_helix,487.0,486.9080025993379,-0.09199740066208051,0.11739237705978021,19
original_dual_plus_minus,487.0,487.00849899485297,0.008498994852971009,0.0441461424318384,19
top_1_z06_c2_s2_hm1__z06_c2_s2_hm1,487.0,486.89875440495484,-0.10124559504515673,0.05989719626895037,19
top_2_z04_c2_s2_hm1__z08_c2_s2_hp1,487.0,487.1768071914701,0.17680719147011814,0.03804150624203396,19
top_3_z06_c2_s2_hp1__z06_c2_s2_hp1,487.0,486.8943032690126,-0.10569673098740395,0.06164768765493404,19
double_helix,542.0,541.4624539309388,-0.5375460690612499,0.10780219667158102,0
best_single_helix,542.0,541.543358033493,-0.4566419665070498,0.14212838220055193,0
original_dual_plus_minus,542.0,541.6888032863151,-0.31119671368492163,0.03825280968431573,0
top_1_z06_c2_s2_hm1__z06_c2_s2_hm1,542.0,542.0129651699069,0.012965169906919982,0.03984730362581133,0
top_2_z04_c2_s2_hm1__z08_c2_s2_hp1,542.0,541.7557117546585,-0.24428824534152227,0.05653704381762523,0
top_3_z06_c2_s2_hp1__z06_c2_s2_hp1,542.0,541.5339834915068,-0.46601650849322596,0.08076169599627825,0
double_helix,542.0,541.3911702672997,-0.6088297327003147,0.11465931963747861,1
best_single_helix,542.0,542.0578534175613,0.057853417561318565,0.06784539246448383,1
original_dual_plus_minus,542.0,541.3335943976392,-0.6664056023607827,0.0550973285340525,1
top_1_z06_c2_s2_hm1__z06_c2_s2_hm1,542.0,541.9062346624232,-0.09376533757676953,0.04528339531708918,1
top_2_z04_c2_s2_hm1__z08_c2_s2_hp1,542.0,541.4591915173955,-0.5408084826044615,0.08150733900110713,1
top_3_z06_c2_s2_hp1__z06_c2_s2_hp1,542.0,541.7551025965104,-0.24489740348963096,0.059472289757731917,1
double_helix,542.0,541.4687631707694,-0.5312368292305791,0.10713525898105054,2
best_single_helix,542.0,541.6202644913343,-0.3797355086657035,0.12659054791627816,2
original_dual_plus_minus,542.0,541.7966639949342,-0.2033360050658075,0.031843580194929735,2
top_1_z06_c2_s2_hm1__z06_c2_s2_hm1,542.0,541.4053866381823,-0.5946133618176646,0.08930325546645397,2
top_2_z04_c2_s2_hm1__z08_c2_s2_hp1,542.0,541.3940984066996,-0.6059015933003593,0.08500552412906501,2
top_3_z06_c2_s2_hp1__z06_c2_s2_hp1,542.0,541.7406252144029,-0.2593747855970605,0.05982227828772874,2
double_helix,542.0,541.4605587092902,-0.5394412907097603,0.11006994296792472,3
best_single_helix,542.0,541.8732164511765,-0.1267835488234823,0.093921032401951,3
original_dual_plus_minus,542.0,541.5794385631299,-0.42056143687011627,0.039043572677620056,3
top_1_z06_c2_s2_hm1__z06_c2_s2_hm1,542.0,541.8085812400801,-0.191418759919884,0.0523981508714935,3
top_2_z04_c2_s2_hm1__z08_c2_s2_hp1,542.0,541.3571977121514,-0.6428022878485535,0.0927456052082473,3
top_3_z06_c2_s2_hp1__z06_c2_s2_hp1,542.0,542.0643438804829,0.064343880482852,0.03516935398122798,3
double_helix,542.0,541.3969721498592,-0.6030278501408475,0.10844834735626258,4
best_single_helix,542.0,541.6885477362976,-0.3114522637024493,0.12138918911111067,4
original_dual_plus_minus,542.0,541.7131232818853,-0.28687671811474047,0.0328540963809486,4
top_1_z06_c2_s2_hm1__z06_c2_s2_hm1,542.0,541.4282319530037,-0.5717680469963398,0.08548699815757285,4
top_2_z04_c2_s2_hm1__z08_c2_s2_hp1,542.0,541.746388485188,-0.25361151481195066,0.057746272110144874,4
top_3_z06_c2_s2_hp1__z06_c2_s2_hp1,542.0,541.6358711313825,-0.36412886861751304,0.06882102052684078,4
double_helix,542.0,541.6544148809397,-0.34558511906027434,0.08781300888540752,5
best_single_helix,542.0,541.6408465096888,-0.3591534903112006,0.12347586595921876,5
original_dual_plus_minus,542.0,541.8394302742753,-0.16056972572471295,0.029246859600572203,5
top_1_z06_c2_s2_hm1__z06_c2_s2_hm1,542.0,542.0548731701762,0.05487317017616533,0.03607820515969981,5
top_2_z04_c2_s2_hm1__z08_c2_s2_hp1,542.0,541.8706046013774,-0.12939539862259153,0.048536167085967745,5
top_3_z06_c2_s2_hp1__z06_c2_s2_hp1,542.0,542.1147954121528,0.11479541215283007,0.03180384423605547,5
double_helix,542.0,541.811419463311,-0.1885805366889599,0.07139941146917683,6
best_single_helix,542.0,541.9203172881084,-0.0796827118915644,0.08260634173570038,6
original_dual_plus_minus,542.0,541.6155738607375,-0.38442613926247304,0.037372371000739486,6
top_1_z06_c2_s2_hm1__z06_c2_s2_hm1,542.0,542.1439622258653,0.1439622258652662,0.02938640684186904,6
top_2_z04_c2_s2_hm1__z08_c2_s2_hp1,542.0,541.4431656094666,-0.5568343905333677,0.08908995908855832,6
top_3_z06_c2_s2_hp1__z06_c2_s2_hp1,542.0,541.5385525056748,-0.46144749432517074,0.08066086118410205,6
double_helix,542.0,541.8261509772052,-0.17384902279479775,0.06897248667728013,7
best_single_helix,542.0,541.8195395828978,-0.18046041710215377,0.10332862401510276,7
original_dual_plus_minus,542.0,541.7366740527589,-0.26332594724112823,0.03674354293269948,7
top_1_z06_c2_s2_hm1__z06_c2_s2_hm1,542.0,541.7771415714908,-0.22285842850919835,0.05859456429750603,7
top_2_z04_c2_s2_hm1__z08_c2_s2_hp1,542.0,541.5980067935304,-0.4019932064695695,0.07248185552770701,7
top_3_z06_c2_s2_hp1__z06_c2_s2_hp1,542.0,541.8531109673148,-0.1468890326851806,0.05634722160110409,7
double_helix,542.0,542.1718005537534,0.17180055375342818,0.034871437815143645,8
best_single_helix,542.0,542.0114823129898,0.011482312989755883,0.07194397499002937,8
original_dual_plus_minus,542.0,542.2062735582011,0.2062735582011328,0.011399192699891062,8
top_1_z06_c2_s2_hm1__z06_c2_s2_hm1,542.0,541.8638699353893,-0.1361300646107111,0.05107952419042984,8
top_2_z04_c2_s2_hm1__z08_c2_s2_hp1,542.0,541.7743313727956,-0.2256686272044135,0.05564118002847176,8
top_3_z06_c2_s2_hp1__z06_c2_s2_hp1,542.0,541.8868065132863,-0.11319348671372609,0.04998382766587967,8
double_helix,542.0,541.7637468537117,-0.2362531462882771,0.07643882290607601,9
best_single_helix,542.0,542.3593550218473,0.3593550218472501,0.020685169233657534,9
original_dual_plus_minus,542.0,541.5251820221938,-0.4748179778061967,0.04217322123915723,9
top_1_z06_c2_s2_hm1__z06_c2_s2_hm1,542.0,541.7217138122453,-0.27828618775470204,0.060191827280294964,9
top_2_z04_c2_s2_hm1__z08_c2_s2_hp1,542.0,541.8195906410482,-0.1804093589518061,0.056157673560548196,9
top_3_z06_c2_s2_hp1__z06_c2_s2_hp1,542.0,541.6239064892002,-0.37609351079981934,0.0650357563515956,9
double_helix,542.0,541.5177144861722,-0.4822855138278328,0.09937936773613727,10
best_single_helix,542.0,542.0174125829827,0.017412582982728964,0.06368874485198847,10
original_dual_plus_minus,542.0,541.6397883236241,-0.36021167637591134,0.04163271762838483,10
top_1_z06_c2_s2_hm1__z06_c2_s2_hm1,542.0,542.0839950863694,0.0839950863694412,0.036392584707385094,10
top_2_z04_c2_s2_hm1__z08_c2_s2_hp1,542.0,541.6051586825049,-0.3948413174950929,0.07371894919074794,10
top_3_z06_c2_s2_hp1__z06_c2_s2_hp1,542.0,541.9832778926897,-0.016722107310329193,0.03928602497216016,10
double_helix,542.0,541.7004716896872,-0.2995283103127804,0.08302104620933855,11
best_single_helix,542.0,541.7506813362475,-0.24931866375254685,0.1001871464283132,11
original_dual_plus_minus,542.0,542.1133973070826,0.11339730708255047,0.016668045280936194,11
top_1_z06_c2_s2_hm1__z06_c2_s2_hm1,542.0,541.9074327671838,-0.09256723281623636,0.046977390902438416,11
top_2_z04_c2_s2_hm1__z08_c2_s2_hp1,542.0,541.6689616540604,-0.3310383459396462,0.06316815386731287,11
top_3_z06_c2_s2_hp1__z06_c2_s2_hp1,542.0,541.8384249880627,-0.16157501193731605,0.05112959775686791,11
double_helix,542.0,541.6216589695003,-0.37834103049965506,0.0858548506599479,12
best_single_helix,542.0,541.7776657222701,-0.2223342777299422,0.10114128646388043,12
original_dual_plus_minus,542.0,541.8160425216948,-0.1839574783051603,0.028863502598077326,12
top_1_z06_c2_s2_hm1__z06_c2_s2_hm1,542.0,541.6450627131878,-0.3549372868121736,0.06743688404870267,12
top_2_z04_c2_s2_hm1__z08_c2_s2_hp1,542.0,541.6108303582957,-0.3891696417042567,0.06847068133139489,12
top_3_z06_c2_s2_hp1__z06_c2_s2_hp1,542.0,541.8369142625363,-0.16308573746368893,0.054147653749237176,12
double_helix,542.0,541.7570895977105,-0.2429104022894535,0.07908125462766288,13
best_single_helix,542.0,542.0557487044284,0.05574870442842439,0.0633702310893339,13
original_dual_plus_minus,542.0,542.1188919339679,0.11889193396791597,0.01647312441023752,13
top_1_z06_c2_s2_hm1__z06_c2_s2_hm1,542.0,541.8780238239289,-0.12197617607114353,0.048871657532404585,13
top_2_z04_c2_s2_hm1__z08_c2_s2_hp1,542.0,541.2322814781818,-0.7677185218182103,0.10182601982483444,13
top_3_z06_c2_s2_hp1__z06_c2_s2_hp1,542.0,541.8974940388787,-0.10250596112132371,0.04750406536725397,13
double_helix,542.0,541.7667901793911,-0.23320982060886308,0.07414166054232171,14
best_single_helix,542.0,541.813790380616,-0.18620961938404434,0.10318572828592952,14
original_dual_plus_minus,542.0,541.8683130589877,-0.1316869410122763,0.02536565312624063,14
top_1_z06_c2_s2_hm1__z06_c2_s2_hm1,542.0,541.6842070976569,-0.3157929023431052,0.065207524703399,14
top_2_z04_c2_s2_hm1__z08_c2_s2_hp1,542.0,541.4763158493693,-0.5236841506307428,0.07557145958135593,14
top_3_z06_c2_s2_hp1__z06_c2_s2_hp1,542.0,541.6794746118173,-0.3205253881826593,0.06819276928747454,14
double_helix,542.0,541.6318817058605,-0.3681182941395491,0.08899097433393402,15
best_single_helix,542.0,542.0042956980002,0.0042956980001918055,0.07524990357728197,15
original_dual_plus_minus,542.0,541.8183970930216,-0.18160290697835535,0.03123278602425733,15
top_1_z06_c2_s2_hm1__z06_c2_s2_hm1,542.0,541.6802853567442,-0.3197146432557929,0.06686095842943802,15
top_2_z04_c2_s2_hm1__z08_c2_s2_hp1,542.0,541.5521471944357,-0.4478528055642528,0.07612624563314932,15
top_3_z06_c2_s2_hp1__z06_c2_s2_hp1,542.0,542.2148231109546,0.21482311095462592,0.021710009588413716,15
double_helix,542.0,541.4560294070765,-0.5439705929235288,0.10511834424926815,16
best_single_helix,542.0,541.9059957142252,-0.0940042857747585,0.08545010425155984,16
original_dual_plus_minus,542.0,541.659118498403,-0.34088150159698216,0.03581176895332151,16
top_1_z06_c2_s2_hm1__z06_c2_s2_hm1,542.0,541.9107079574513,-0.08929204254866363,0.04850747936424343,16
top_2_z04_c2_s2_hm1__z08_c2_s2_hp1,542.0,541.3275853869231,-0.6724146130768531,0.09103990136050134,16
top_3_z06_c2_s2_hp1__z06_c2_s2_hp1,542.0,542.2903977894838,0.2903977894837908,0.015546820653985672,16
double_helix,542.0,541.9696460660646,-0.030353933935430177,0.05475559895505186,17
best_single_helix,542.0,541.6172931418649,-0.3827068581350659,0.13306489133090224,17
original_dual_plus_minus,542.0,541.6347682644706,-0.3652317355293917,0.037680815507018274,17
top_1_z06_c2_s2_hm1__z06_c2_s2_hm1,542.0,541.9151404590475,-0.08485954095249326,0.045711298559842524,17
top_2_z04_c2_s2_hm1__z08_c2_s2_hp1,542.0,541.7109133239509,-0.2890866760491235,0.06359120648542092,17
top_3_z06_c2_s2_hp1__z06_c2_s2_hp1,542.0,541.7623168598835,-0.23768314011647362,0.06362510671171161,17
double_helix,542.0,541.9302841448373,-0.06971585516271261,0.05768610418999492,18
best_single_helix,542.0,541.9647716728163,-0.03522832718374502,0.07712351261477315,18
original_dual_plus_minus,542.0,541.9643078848488,-0.035692115151164217,0.01987284132279966,18
top_1_z06_c2_s2_hm1__z06_c2_s2_hm1,542.0,541.879843706834,-0.12015629316601917,0.049801965977447314,18
top_2_z04_c2_s2_hm1__z08_c2_s2_hp1,542.0,541.7185237743336,-0.28147622566643804,0.06482438217781548,18
top_3_z06_c2_s2_hp1__z06_c2_s2_hp1,542.0,541.662640005155,-0.3373599948449737,0.07195552610433392,18
double_helix,542.0,541.5267166052711,-0.47328339472892367,0.10003378656016515,19
best_single_helix,542.0,541.7307814402802,-0.26921855971977493,0.11069077636079186,19
original_dual_plus_minus,542.0,541.947061597489,-0.05293840251101756,0.025759824958353113,19
top_1_z06_c2_s2_hm1__z06_c2_s2_hm1,542.0,541.881679445439,-0.11832055456102353,0.05204293424346375,19
top_2_z04_c2_s2_hm1__z08_c2_s2_hp1,542.0,541.5025382417258,-0.4974617582741985,0.07989959121119636,19
top_3_z06_c2_s2_hp1__z06_c2_s2_hp1,542.0,541.8569145948608,-0.14308540513923163,0.05107401646281633,19
double_helix,597.0,597.3099222841557,0.3099222841557321,0.02274557353045001,0
best_single_helix,597.0,597.1474802759287,0.1474802759287286,0.05523837303323099,0
original_dual_plus_minus,597.0,597.0924679516646,0.09246795166461652,0.01888131862069199,0
top_1_z06_c2_s2_hm1__z06_c2_s2_hm1,597.0,597.419982752343,0.4199827523430031,0.006183523164376709,0
top_2_z04_c2_s2_hm1__z08_c2_s2_hp1,597.0,597.3796655164956,0.3796655164956064,0.00905964181151456,0
top_3_z06_c2_s2_hp1__z06_c2_s2_hp1,597.0,597.2387772885485,0.23877728854847646,0.018831947164686585,0
double_helix,597.0,597.4383701311066,0.43837013110658063,0.008106149190124399,1
best_single_helix,597.0,596.9902417854539,-0.009758214546081945,0.07192970145648432,1
original_dual_plus_minus,597.0,597.2921274818067,0.2921274818066877,0.00944067462351765,1
top_1_z06_c2_s2_hm1__z06_c2_s2_hm1,597.0,597.1192077206043,0.11920772060432228,0.028928679523713585,1
top_2_z04_c2_s2_hm1__z08_c2_s2_hp1,597.0,597.2974474406865,0.2974474406864829,0.014733413913714164,1
top_3_z06_c2_s2_hp1__z06_c2_s2_hp1,597.0,597.3395036135141,0.3395036135141254,0.01262157476700104,1
double_helix,597.0,597.3837753959697,0.38377539596967836,0.015783279495800287,2
best_single_helix,597.0,597.1255183531314,0.12551835313138326,0.05471977473547856,2
original_dual_plus_minus,597.0,596.9184592648672,-0.08154073513276217,0.026401012225179692,2
top_1_z06_c2_s2_hm1__z06_c2_s2_hm1,597.0,597.3909310404158,0.39093104041580773,0.007717490327302897,2
top_2_z04_c2_s2_hm1__z08_c2_s2_hp1,597.0,597.2567325787767,0.25673257877667766,0.01799605563972114,2
top_3_z06_c2_s2_hp1__z06_c2_s2_hp1,597.0,597.6445724457196,0.644572445719632,0.006716683905843846,2
double_helix,597.0,597.2173059396616,0.21730593966162814,0.03326161532252818,3
best_single_helix,597.0,597.068174176458,0.06817417645800106,0.06831466971318519,3
original_dual_plus_minus,597.0,597.0581856146973,0.05818561469732231,0.019846422481306514,3
top_1_z06_c2_s2_hm1__z06_c2_s2_hm1,597.0,597.2302484019993,0.23024840199934715,0.020333231336170498,3
top_2_z04_c2_s2_hm1__z08_c2_s2_hp1,597.0,597.439105622248,0.4391056222480074,0.00451550777199352,3
top_3_z06_c2_s2_hp1__z06_c2_s2_hp1,597.0,597.2921318617739,0.29213186177389616,0.016238411689735235,3
double_helix,597.0,597.3388085311735,0.3388085311735267,0.021268196858313982,4
best_single_helix,597.0,597.1764159570582,0.1764159570582251,0.049533573590872744,4
original_dual_plus_minus,597.0,597.3278989190344,0.3278989190343964,0.00872787635909212,4
top_1_z06_c2_s2_hm1__z06_c2_s2_hm1,597.0,596.9711555383082,-0.028844461691846845,0.04159896930677778,4
top_2_z04_c2_s2_hm1__z08_c2_s2_hp1,597.0,597.1384068426522,0.13840684265221626,0.0270902839338409,4
top_3_z06_c2_s2_hp1__z06_c2_s2_hp1,597.0,597.12501949007,0.12501949007003077,0.02798608718646548,4
double_helix,597.0,597.2985450902491,0.2985450902491493,0.02526864297188208,5
best_single_helix,597.0,597.2300066433305,0.2300066433305119,0.04490509099026992,5
original_dual_plus_minus,597.0,596.9451205487131,-0.05487945128686533,0.026576181087038034,5
top_1_z06_c2_s2_hm1__z06_c2_s2_hm1,597.0,597.0324007269763,0.032400726976334226,0.034386304482508484,5
top_2_z04_c2_s2_hm1__z08_c2_s2_hp1,597.0,597.4059425685867,0.40594256858673816,0.006992594106392333,5
top_3_z06_c2_s2_hp1__z06_c2_s2_hp1,597.0,597.1625801303446,0.16258013034462238,0.025400194806849925,5
double_helix,597.0,597.646545414025,0.6465454140250131,0.011181279309378253,6
best_single_helix,597.0,597.4394236120512,0.4394236120512005,0.009278906010800508,6
original_dual_plus_minus,597.0,597.2826164109815,0.28261641098151813,0.010235147231917697,6
top_1_z06_c2_s2_hm1__z06_c2_s2_hm1,597.0,597.2698035219313,0.2698035219312942,0.018560849928450494,6
top_2_z04_c2_s2_hm1__z08_c2_s2_hp1,597.0,597.3380185532728,0.3380185532728319,0.011356704996086611,6
top_3_z06_c2_s2_hp1__z06_c2_s2_hp1,597.0,597.1816803949574,0.18168039495742505,0.024326076821566085,6
double_helix,597.0,597.0927666186532,0.09276661865317237,0.046944844458515114,7
best_single_helix,597.0,597.2913859440844,0.291385944084368,0.032782277546618374,7
original_dual_plus_minus,597.0,597.1167912844169,0.1167912844168768,0.01762272854386736,7
top_1_z06_c2_s2_hm1__z06_c2_s2_hm1,597.0,597.3526567463623,0.3526567463622996,0.01121817813894677,7
top_2_z04_c2_s2_hm1__z08_c2_s2_hp1,597.0,597.3415781761556,0.3415781761556218,0.011674921078070043,7
top_3_z06_c2_s2_hp1__z06_c2_s2_hp1,597.0,597.2337012090784,0.2337012090783901,0.019414041714335542,7
double_helix,597.0,597.2671341769891,0.2671341769890887,0.028249803959722562,8
best_single_helix,597.0,597.2297859913558,0.22978599135581135,0.039811239212791005,8
original_dual_plus_minus,597.0,597.104265964161,0.1042659641609589,0.01800358058492826,8
top_1_z06_c2_s2_hm1__z06_c2_s2_hm1,597.0,597.2024908508693,0.20249085086925334,0.023172294983464438,8
top_2_z04_c2_s2_hm1__z08_c2_s2_hp1,597.0,597.2681414080312,0.2681414080311697,0.01738233945605371,8
top_3_z06_c2_s2_hp1__z06_c2_s2_hp1,597.0,597.3605529432057,0.36055294320567555,0.010338195090005033,8
double_helix,597.0,597.2959599427105,0.2959599427105104,0.025573116481643104,9
best_single_helix,597.0,597.1595890002629,0.15958900026294032,0.05192595064661642,9
original_dual_plus_minus,597.0,597.2680590581563,0.2680590581562683,0.011896394301932426,9
top_1_z06_c2_s2_hm1__z06_c2_s2_hm1,597.0,597.4825486671557,0.48254866715569733,0.0012975370044641676,9
top_2_z04_c2_s2_hm1__z08_c2_s2_hp1,597.0,597.4637329313261,0.4637329313261489,0.0027126273443224755,9
top_3_z06_c2_s2_hp1__z06_c2_s2_hp1,597.0,596.9937522904302,-0.0062477095698341145,0.03766274406925717,9
double_helix,597.0,597.2928856893503,0.292885689350328,0.026078597399057074,10
best_single_helix,597.0,597.2836279326845,0.2836279326844533,0.0337305589873375,10
original_dual_plus_minus,597.0,596.9148687965337,-0.08513120346628966,0.02714369130020207,10
top_1_z06_c2_s2_hm1__z06_c2_s2_hm1,597.0,597.1083240574795,0.10832405747953544,0.031127383196014154,10
top_2_z04_c2_s2_hm1__z08_c2_s2_hp1,597.0,597.5586725808497,0.5586725808497022,0.0028441339727406966,10
top_3_z06_c2_s2_hp1__z06_c2_s2_hp1,597.0,597.3315044687824,0.3315044687824411,0.012431417717910795,10
double_helix,597.0,597.1844860121007,0.18448601210070592,0.04048947221460777,11
best_single_helix,597.0,597.2973287515953,0.2973287515952734,0.0320155661767852,11
original_dual_plus_minus,597.0,597.1055290593437,0.10552905934366663,0.020667729697942255,11
top_1_z06_c2_s2_hm1__z06_c2_s2_hm1,597.0,597.2983045044438,0.2983045044437631,0.014637703082433654,11
top_2_z04_c2_s2_hm1__z08_c2_s2_hp1,597.0,597.3689462905334,0.3689462905333585,0.008913089508606753,11
top_3_z06_c2_s2_hp1__z06_c2_s2_hp1,597.0,597.2676439571159,0.2676439571158653,0.016385771452410085,11
double_helix,597.0,597.1783563084072,0.1783563084071602,0.040438224572475395,12
best_single_helix,597.0,597.0316296987984,0.03162969879838329,0.07139240249804456,12
original_dual_plus_minus,597.0,597.4576135531089,0.4576135531088994,0.0020903269720717182,12
top_1_z06_c2_s2_hm1__z06_c2_s2_hm1,597.0,597.2322634574098,0.23226345740977195,0.019438361070203827,12
top_2_z04_c2_s2_hm1__z08_c2_s2_hp1,597.0,597.5063788280285,0.5063788280284598,0.0003087184005035651,12
top_3_z06_c2_s2_hp1__z06_c2_s2_hp1,597.0,597.4158253533426,0.41582535334259774,0.006704454726627617,12
double_helix,597.0,597.314276758115,0.3142767581150565,0.02187958540829986,13
best_single_helix,597.0,596.963541482539,-0.03645851746102835,0.079806542453408,13
original_dual_plus_minus,597.0,596.591714752606,-0.4082852473940193,0.04166421702213813,13
top_1_z06_c2_s2_hm1__z06_c2_s2_hm1,597.0,597.2247892593213,0.22478925932125549,0.020754754350814444,13
top_2_z04_c2_s2_hm1__z08_c2_s2_hp1,597.0,597.3101289162503,0.31012891625027805,0.013244121756868553,13
top_3_z06_c2_s2_hp1__z06_c2_s2_hp1,597.0,597.3239799995455,0.32397999954548595,0.01261753252839127,13
double_helix,597.0,597.3554090701555,0.3554090701554742,0.019237802091765933,14
best_single_helix,597.0,597.1043949385312,0.1043949385311862,0.05869487242216445,14
original_dual_plus_minus,597.0,597.0704046244514,0.07040462445138473,0.019732890562555387,14
top_1_z06_c2_s2_hm1__z06_c2_s2_hm1,597.0,597.1229353844485,0.12293538444851038,0.02796873706734086,14
top_2_z04_c2_s2_hm1__z08_c2_s2_hp1,597.0,597.3113019018476,0.31130190184762796,0.013992462997350037,14
top_3_z06_c2_s2_hp1__z06_c2_s2_hp1,597.0,597.3911026772926,0.3911026772925652,0.008577335865300805,14
double_helix,597.0,597.042259416475,0.04225941647496256,0.06057139534489676,15
best_single_helix,597.0,597.2407075665872,0.24070756658716164,0.04075569260451662,15
original_dual_plus_minus,597.0,597.0854065816441,0.08540658164406523,0.01785951718635194,15
top_1_z06_c2_s2_hm1__z06_c2_s2_hm1,597.0,597.0726142649328,0.07261426493278123,0.031549600512831795,15
top_2_z04_c2_s2_hm1__z08_c2_s2_hp1,597.0,597.2876291635264,0.2876291635263897,0.015187900968359062,15
top_3_z06_c2_s2_hp1__z06_c2_s2_hp1,597.0,597.0552552201774,0.05525522017740059,0.03362651238445285,15
double_helix,597.0,597.6057061706765,0.6057061706765126,0.007700554677070907,16
best_single_helix,597.0,597.2357927198009,0.2357927198008838,0.0381109288166091,16
original_dual_plus_minus,597.0,596.9292990464784,-0.07070095352162298,0.026686183433857025,16
top_1_z06_c2_s2_hm1__z06_c2_s2_hm1,597.0,597.2779969793322,0.27799697933221523,0.016858199840260477,16
top_2_z04_c2_s2_hm1__z08_c2_s2_hp1,597.0,597.3216761825544,0.3216761825543699,0.012665436138266813,16
top_3_z06_c2_s2_hp1__z06_c2_s2_hp1,597.0,597.2661454263183,0.2661454263183032,0.01855785579760453,16
double_helix,597.0,597.0508031798194,0.05080317981935423,0.05651555450827988,17
best_single_helix,597.0,597.3048197782009,0.30481977820090833,0.02855835286398641,17
original_dual_plus_minus,597.0,596.920707580184,-0.07929241981605628,0.029885368083174754,17
top_1_z06_c2_s2_hm1__z06_c2_s2_hm1,597.0,597.2175226822543,0.21752268225429816,0.022194309634263113,17
top_2_z04_c2_s2_hm1__z08_c2_s2_hp1,597.0,597.3345608784637,0.33456087846366245,0.01209949147313555,17
top_3_z06_c2_s2_hp1__z06_c2_s2_hp1,597.0,597.1015355338919,0.10153553389193348,0.030621910539729444,17
double_helix,597.0,597.3483771536605,0.3483771536605218,0.018695809477404724,18
best_single_helix,597.0,597.3077999117048,0.30779991170481935,0.028494139589528553,18
original_dual_plus_minus,597.0,597.0682192793458,0.06821927934583982,0.020159620299575576,18
top_1_z06_c2_s2_hm1__z06_c2_s2_hm1,597.0,597.0501438013124,0.05014380131240159,0.03128172819684554,18
top_2_z04_c2_s2_hm1__z08_c2_s2_hp1,597.0,597.33962696209,0.33962696209005117,0.01219966430011576,18
top_3_z06_c2_s2_hp1__z06_c2_s2_hp1,597.0,597.180268740369,0.18026874036900153,0.02571964056603888,18
double_helix,597.0,597.142394006075,0.14239400607505104,0.045486291131424675,19
best_single_helix,597.0,597.1086963371775,0.10869633717754823,0.058119739297720435,19
original_dual_plus_minus,597.0,597.4639007106063,0.4639007106062536,0.0017872806373025781,19
top_1_z06_c2_s2_hm1__z06_c2_s2_hm1,597.0,597.2190669371967,0.21906693719665782,0.021729283458687142,19
top_2_z04_c2_s2_hm1__z08_c2_s2_hp1,597.0,597.3279676910677,0.3279676910676699,0.013390102988845225,19
top_3_z06_c2_s2_hp1__z06_c2_s2_hp1,597.0,597.3333100158758,0.3333100158757816,0.012529683742495395,19
double_helix,652.0,651.642763821926,-0.3572361780740039,0.04236187880167875,0
best_single_helix,652.0,652.4056045619066,0.40560456190655714,0.006304340590006641,0
original_dual_plus_minus,652.0,651.809064481649,-0.19093551835101152,0.019227192717231886,0
top_1_z06_c2_s2_hm1__z06_c2_s2_hm1,652.0,652.6721216755576,0.6721216755576052,0.006575087118894221,0
top_2_z04_c2_s2_hm1__z08_c2_s2_hp1,652.0,652.4640216947652,0.4640216947651652,0.0010006774953813249,0
top_3_z06_c2_s2_hp1__z06_c2_s2_hp1,652.0,652.4087117761145,0.40871177611450094,0.002783058690918541,0
double_helix,652.0,652.520513845448,0.520513845448022,0.001482167304443096,1
best_single_helix,652.0,652.228424611436,0.22842461143602577,0.016394822804572204,1
original_dual_plus_minus,652.0,652.5708842578352,0.570884257835246,0.0024361746489350794,1
top_1_z06_c2_s2_hm1__z06_c2_s2_hm1,652.0,652.2442685482232,0.24426854822320365,0.007867609762707438,1
top_2_z04_c2_s2_hm1__z08_c2_s2_hp1,652.0,652.496090847358,0.4960908473580048,0.00011290190963274992,1
top_3_z06_c2_s2_hp1__z06_c2_s2_hp1,652.0,652.1550738612427,0.1550738612427267,0.010136036518041722,1
double_helix,652.0,652.3370226161976,0.33702261619760066,0.00848719994413622,2
best_single_helix,652.0,652.1424361554205,0.14243615542045518,0.02229692512592004,2
original_dual_plus_minus,652.0,651.8749856736252,-0.12501432637475318,0.016124509014155443,2
top_1_z06_c2_s2_hm1__z06_c2_s2_hm1,652.0,651.8514784835378,-0.14852151646221046,0.01937306147238325,2
top_2_z04_c2_s2_hm1__z08_c2_s2_hp1,652.0,652.1381783414516,0.13817834145163488,0.009822479207840155,2
top_3_z06_c2_s2_hp1__z06_c2_s2_hp1,652.0,652.264472615215,0.26447261521502696,0.007030693000622929,2
double_helix,652.0,652.0488884136206,0.04888841362060248,0.02317998155754731,3
best_single_helix,652.0,652.0892544278079,0.08925442780787307,0.02748179742876426,3
original_dual_plus_minus,652.0,652.0354596072075,0.03545960720748553,0.012162774027354096,3
top_1_z06_c2_s2_hm1__z06_c2_s2_hm1,652.0,652.2946778706919,0.2946778706918849,0.005941063336332505,3
top_2_z04_c2_s2_hm1__z08_c2_s2_hp1,652.0,652.1932016333475,0.19320163334748486,0.008720858892577088,3
top_3_z06_c2_s2_hp1__z06_c2_s2_hp1,652.0,652.4449957599519,0.4449957599518939,0.0017495102807969269,3
double_helix,652.0,652.3964368604302,0.39643686043018533,0.005629964992254809,4
best_single_helix,652.0,652.3094089861888,0.30940898618882784,0.012044328078370099,4
original_dual_plus_minus,652.0,652.4255765864729,0.42557658647285734,0.001959138654262431,4
top_1_z06_c2_s2_hm1__z06_c2_s2_hm1,652.0,652.4019435611216,0.401943561121584,0.0028094225929504346,4
top_2_z04_c2_s2_hm1__z08_c2_s2_hp1,652.0,652.2525255644633,0.2525255644633262,0.006894414176144382,4
top_3_z06_c2_s2_hp1__z06_c2_s2_hp1,652.0,652.4919517255615,0.49195172556153466,0.0002442310578043095,4
double_helix,652.0,651.9653541611505,-0.03464583884954209,0.027254277952420657,5
best_single_helix,652.0,652.19996964472,0.19996964471999945,0.01928525360867466,5
original_dual_plus_minus,652.0,652.1803028884008,0.18030288840077446,0.008561288340336582,5
top_1_z06_c2_s2_hm1__z06_c2_s2_hm1,652.0,652.1740712424491,0.17407124244914485,0.009598637859221791,5
top_2_z04_c2_s2_hm1__z08_c2_s2_hp1,652.0,652.1555153238107,0.1555153238107323,0.00968838879849621,5
top_3_z06_c2_s2_hp1__z06_c2_s2_hp1,652.0,652.194704967923,0.19470496792303038,0.009175014002736959,5
double_helix,652.0,652.1639879557493,0.16398795574934866,0.016890070434348245,6
best_single_helix,652.0,652.2570428916025,0.25704289160250937,0.014629617358308148,6
original_dual_plus_minus,652.0,652.8760707807766,0.8760707807765584,0.01183457959007952,6
top_1_z06_c2_s2_hm1__z06_c2_s2_hm1,652.0,652.5074374131136,0.507437413113621,0.0002900880497981203,6
top_2_z04_c2_s2_hm1__z08_c2_s2_hp1,652.0,652.4341880635616,0.434188063561578,0.0018366477187187345,6
top_3_z06_c2_s2_hp1__z06_c2_s2_hp1,652.0,652.3827543888599,0.3827543888598939,0.003567880873952221,6
double_helix,652.0,651.7203229287891,-0.27967707121092644,0.03883322549346908,7
best_single_helix,652.0,652.1398767597183,0.13987675971827684,0.023034163540330107,7
original_dual_plus_minus,652.0,652.7051540421602,0.7051540421601885,0.006255654837112726,7
top_1_z06_c2_s2_hm1__z06_c2_s2_hm1,652.0,652.0411248458449,0.04112484584493359,0.013015274459999091,7
top_2_z04_c2_s2_hm1__z08_c2_s2_hp1,652.0,652.3474507576848,0.34745075768478273,0.00434165239272977,7
top_3_z06_c2_s2_hp1__z06_c2_s2_hp1,652.0,652.3473166918935,0.3473166918935249,0.0047596687470263885,7
double_helix,652.0,651.9247507604886,-0.07524923951143592,0.02967163189400156,8
best_single_helix,652.0,652.0813593011939,0.08135930119385648,0.026706615116824164,8
original_dual_plus_minus,652.0,652.4251274703764,0.42512747037642384,0.001908302927159111,8
top_1_z06_c2_s2_hm1__z06_c2_s2_hm1,652.0,652.079943097811,0.07994309781099673,0.012866041355740702,8
top_2_z04_c2_s2_hm1__z08_c2_s2_hp1,652.0,652.1833311301058,0.18333113010578472,0.009279254625552952,8
top_3_z06_c2_s2_hp1__z06_c2_s2_hp1,652.0,652.3528429914876,0.35284299148759146,0.004375542886708389,8
double_helix,652.0,652.6536191476496,0.6536191476495787,0.01066547849731137,9
best_single_helix,652.0,652.1190905477214,0.11909054772138461,0.02320253028122303,9
original_dual_plus_minus,652.0,652.3018351434316,0.3018351434316173,0.005245756242826874,9
top_1_z06_c2_s2_hm1__z06_c2_s2_hm1,652.0,652.354676867902,0.35467686790195785,0.004338460039701274,9
top_2_z04_c2_s2_hm1__z08_c2_s2_hp1,652.0,652.4671917411872,0.4671917411872073,0.0009331948456458549,9
top_3_z06_c2_s2_hp1__z06_c2_s2_hp1,652.0,652.3485803920003,0.34858039200025814,0.004546016666756548,9
double_helix,652.0,652.0910252971602,0.09102529716017216,0.02088169837966869,10
best_single_helix,652.0,652.1498123076534,0.1498123076534057,0.0227665278870771,10
original_dual_plus_minus,652.0,651.9265535880728,-0.07344641192719337,0.01494710095771076,10
top_1_z06_c2_s2_hm1__z06_c2_s2_hm1,652.0,652.3115987633727,0.3115987633726718,0.005635401792215848,10
top_2_z04_c2_s2_hm1__z08_c2_s2_hp1,652.0,652.7284371757085,0.72843717570845,0.00788333335882392,10
top_3_z06_c2_s2_hp1__z06_c2_s2_hp1,652.0,652.2391044215468,0.23910442154681277,0.007855193093127667,10
double_helix,652.0,652.3594657948611,0.3594657948610802,0.0073766935544555485,11
best_single_helix,652.0,652.2103848089331,0.21038480893309952,0.01843782042626039,11
original_dual_plus_minus,652.0,652.4180395004915,0.41803950049154537,0.0021411865399275014,11
top_1_z06_c2_s2_hm1__z06_c2_s2_hm1,652.0,652.3071495499318,0.3071495499317507,0.0058311640594287594,11
top_2_z04_c2_s2_hm1__z08_c2_s2_hp1,652.0,652.4406353823987,0.44063538239868194,0.0016866087647774517,11
top_3_z06_c2_s2_hp1__z06_c2_s2_hp1,652.0,652.341754130274,0.3417541302740119,0.004795248718447974,11
double_helix,652.0,652.415209389137,0.4152093891369759,0.004526221845708229,12
best_single_helix,652.0,652.2874665952228,0.2874665952227815,0.013297241120905962,12
original_dual_plus_minus,652.0,652.0269910586109,0.02699105861086082,0.013034528919760705,12
top_1_z06_c2_s2_hm1__z06_c2_s2_hm1,652.0,652.6484892744504,0.6484892744504123,0.005656659731317868,12
top_2_z04_c2_s2_hm1__z08_c2_s2_hp1,652.0,652.3081698693942,0.30816986939419166,0.005649991091984235,12
top_3_z06_c2_s2_hp1__z06_c2_s2_hp1,652.0,652.4788657722262,0.478865772226186,0.0006203275529588773,12
double_helix,652.0,652.116421662248,0.11642166224794437,0.019572382614052128,13
best_single_helix,652.0,651.7079610435803,-0.2920389564196739,0.04866942121858312,13
original_dual_plus_minus,652.0,652.4168993184887,0.4168993184887313,0.0022722081712216137,13
top_1_z06_c2_s2_hm1__z06_c2_s2_hm1,652.0,651.8086851399269,-0.1913148600731347,0.01987576478841881,13
top_2_z04_c2_s2_hm1__z08_c2_s2_hp1,652.0,651.7981873359557,-0.20181266404426879,0.01947777959885157,13
top_3_z06_c2_s2_hp1__z06_c2_s2_hp1,652.0,652.6047247870152,0.6047247870152432,0.0039056562195790203,13
double_helix,652.0,651.9516795271787,-0.04832047282127405,0.028381817992010977,14
best_single_helix,652.0,652.3068178027312,0.30681780273118875,0.011812814643592075,14
original_dual_plus_minus,652.0,652.2100321579231,0.21003215792313767,0.00799150162186994,14
top_1_z06_c2_s2_hm1__z06_c2_s2_hm1,652.0,652.4287504604532,0.42875046045321596,0.0021810931987535226,14
top_2_z04_c2_s2_hm1__z08_c2_s2_hp1,652.0,652.3802336594064,0.38023365940637177,0.0034117173703801192,14
top_3_z06_c2_s2_hp1__z06_c2_s2_hp1,652.0,652.1247270619766,0.1247270619766141,0.011525667778468167,14
double_helix,652.0,652.5704629676136,0.5704629676135937,0.005362824956720346,15
best_single_helix,652.0,652.3620835373557,0.36208353735571563,0.008509620978805824,15
original_dual_plus_minus,652.0,652.4509026593344,0.4509026593343606,0.0013402656268362758,15
top_1_z06_c2_s2_hm1__z06_c2_s2_hm1,652.0,652.227341633555,0.22734163355505643,0.008337608171602368,15
top_2_z04_c2_s2_hm1__z08_c2_s2_hp1,652.0,652.6185296360544,0.6185296360544044,0.004328078794252405,15
top_3_z06_c2_s2_hp1__z06_c2_s2_hp1,652.0,652.4748432871412,0.47484328714119783,0.0007440788056784509,15
double_helix,652.0,652.1439967058907,0.14399670589068592,0.018119507321435302,16
best_single_helix,652.0,652.4639632637379,0.4639632637379236,0.0022203157845786096,16
original_dual_plus_minus,652.0,652.5027655495003,0.5027655495002818,9.471879215628813e-05,16
top_1_z06_c2_s2_hm1__z06_c2_s2_hm1,652.0,652.1385474710335,0.138547471033462,0.010672003170273099,16
top_2_z04_c2_s2_hm1__z08_c2_s2_hp1,652.0,652.848035878223,0.8480358782229587,0.012469824284811458,16
top_3_z06_c2_s2_hp1__z06_c2_s2_hp1,652.0,652.1593102570718,0.15931025707175195,0.009804761320276887,16
double_helix,652.0,652.3464183067435,0.34641830674354424,0.008510180976357811,17
best_single_helix,652.0,652.4560155617444,0.45601556174437974,0.002766658806810925,17
original_dual_plus_minus,652.0,651.9865524428626,-0.01344755713739687,0.014085383272110417,17
top_1_z06_c2_s2_hm1__z06_c2_s2_hm1,652.0,652.5043259185605,0.5043259185605393,0.0001470548140139791,17
top_2_z04_c2_s2_hm1__z08_c2_s2_hp1,652.0,652.2706965273392,0.2706965273391688,0.006481905242378351,17
top_3_z06_c2_s2_hp1__z06_c2_s2_hp1,652.0,652.3395090850155,0.33950908501549293,0.004743738761942459,17
double_helix,652.0,652.3518342784156,0.3518342784155948,0.007388907403230156,18
best_single_helix,652.0,652.4464781913831,0.4464781913831075,0.0035653829723250917,18
original_dual_plus_minus,652.0,651.9932836083486,-0.0067163916513663935,0.01326451620487551,18
top_1_z06_c2_s2_hm1__z06_c2_s2_hm1,652.0,652.1420726130051,0.142072613005098,0.010727456341788351,18
top_2_z04_c2_s2_hm1__z08_c2_s2_hp1,652.0,652.2585273577853,0.25852735778528313,0.006910015679537182,18
top_3_z06_c2_s2_hp1__z06_c2_s2_hp1,652.0,652.0310266270131,0.031026627013147845,0.01360586169593171,18
double_helix,652.0,651.7080106415352,-0.29198935846477525,0.039583725040627724,19
best_single_helix,652.0,652.0917971071997,0.0917971071996817,0.026151680843554004,19
original_dual_plus_minus,652.0,652.3392741012104,0.3392741012104352,0.004098705668667376,19
top_1_z06_c2_s2_hm1__z06_c2_s2_hm1,652.0,652.8132539165828,0.8132539165827666,0.011863369319407346,19
top_2_z04_c2_s2_hm1__z08_c2_s2_hp1,652.0,652.3173686238543,0.3173686238543496,0.005331385738599072,19
top_3_z06_c2_s2_hp1__z06_c2_s2_hp1,652.0,651.8189089993133,-0.18109100068670614,0.020330775446363886,19
double_helix,687.0,687.4574721172819,0.4574721172818954,0.0029171474284235117,0
best_single_helix,687.0,686.9066376506115,-0.0933623493884852,0.037673998233891545,0
original_dual_plus_minus,687.0,687.1145018080332,0.11450180803319654,0.00962897110739437,0
top_1_z06_c2_s2_hm1__z06_c2_s2_hm1,687.0,687.3057761122668,0.30577611226681256,0.005604248815851956,0
top_2_z04_c2_s2_hm1__z08_c2_s2_hp1,687.0,687.1794737054764,0.1794737054764255,0.009176188853680923,0
top_3_z06_c2_s2_hp1__z06_c2_s2_hp1,687.0,687.2833657643265,0.2833657643265042,0.006077827256085568,0
double_helix,687.0,687.0209475120503,0.020947512050270234,0.026750114992483566,1
best_single_helix,687.0,687.0342990856869,0.03429908568693918,0.029225607544945166,1
original_dual_plus_minus,687.0,687.5746416256942,0.5746416256941984,0.0032377641632137253,1
top_1_z06_c2_s2_hm1__z06_c2_s2_hm1,687.0,687.7912259644182,0.7912259644182313,0.0077351983796640055,1
top_2_z04_c2_s2_hm1__z08_c2_s2_hp1,687.0,687.1442741024453,0.14427410244525163,0.010732500213467349,1
top_3_z06_c2_s2_hp1__z06_c2_s2_hp1,687.0,687.5300508597185,0.5300508597184717,0.0008128443927743915,1
double_helix,687.0,687.5095414468346,0.5095414468346462,0.0005672818719284915,2
best_single_helix,687.0,687.1259900143635,0.12599001436353774,0.024472809061302538,2
original_dual_plus_minus,687.0,687.0718903117717,0.07189031177165361,0.009560170633504516,2
top_1_z06_c2_s2_hm1__z06_c2_s2_hm1,687.0,687.3440269771929,0.3440269771929252,0.004814832944391502,2
top_2_z04_c2_s2_hm1__z08_c2_s2_hp1,687.0,687.9309278378832,0.930927837883246,0.010846129276846438,2
top_3_z06_c2_s2_hp1__z06_c2_s2_hp1,687.0,687.215542260506,0.21554226050602665,0.008220944275134964,2
double_helix,687.0,687.2243330453023,0.2243330453022736,0.017977534714891986,3
best_single_helix,687.0,687.1136312073103,0.1136312073102772,0.023045088974809076,3
original_dual_plus_minus,687.0,687.4343330361565,0.43433303615654495,0.001494884786785237,3
top_1_z06_c2_s2_hm1__z06_c2_s2_hm1,687.0,687.2926611475783,0.29266114757831474,0.005754568765164958,3
top_2_z04_c2_s2_hm1__z08_c2_s2_hp1,687.0,687.3278468742054,0.32784687420542014,0.004914155806020051,3
top_3_z06_c2_s2_hp1__z06_c2_s2_hp1,687.0,687.2639312127377,0.2639312127377025,0.006960446641327967,3
double_helix,687.0,687.0727383222903,0.07273832229031996,0.02680994398854774,4
best_single_helix,687.0,687.2504460828235,0.2504460828234869,0.01461456321366446,4
original_dual_plus_minus,687.0,687.156647676696,0.15664767669602497,0.007347286493518768,4
top_1_z06_c2_s2_hm1__z06_c2_s2_hm1,687.0,687.5400026292134,0.5400026292134044,0.0010570101675985773,4
top_2_z04_c2_s2_hm1__z08_c2_s2_hp1,687.0,687.1465897942057,0.14658979420573814,0.010998215875387494,4
top_3_z06_c2_s2_hp1__z06_c2_s2_hp1,687.0,687.6423827842677,0.6423827842677383,0.003634118882853728,4
double_helix,687.0,687.2990865752727,0.2990865752726677,0.012047570049368022,5
best_single_helix,687.0,687.2514049483017,0.25140494830168336,0.016452623537102036,5
original_dual_plus_minus,687.0,687.5742523326645,0.5742523326645141,0.003169087684788699,5
top_1_z06_c2_s2_hm1__z06_c2_s2_hm1,687.0,687.4721377797429,0.47213777974286586,0.0008096761430911097,5
top_2_z04_c2_s2_hm1__z08_c2_s2_hp1,687.0,687.0116027106753,0.011602710675333583,0.013309330743694872,5
top_3_z06_c2_s2_hp1__z06_c2_s2_hp1,687.0,687.4166381486071,0.41663814860714865,0.00234152991485592,5
double_helix,687.0,686.9199982610276,-0.08000173897244167,0.0369232498960248,6
best_single_helix,687.0,687.2293598570865,0.22935985708647877,0.01699311380002242,6
original_dual_plus_minus,687.0,687.3386355224036,0.3386355224035924,0.0032283758820195393,6
top_1_z06_c2_s2_hm1__z06_c2_s2_hm1,687.0,687.3552620339872,0.3552620339871737,0.004043068546834953,6
top_2_z04_c2_s2_hm1__z08_c2_s2_hp1,687.0,687.1664414332128,0.1664414332127535,0.009751795118136609,6
top_3_z06_c2_s2_hp1__z06_c2_s2_hp1,687.0,687.4747726897658,0.474772689765814,0.0007493658360459215,6
double_helix,687.0,687.4329892522254,0.4329892522254113,0.004604100049813918,7
best_single_helix,687.0,687.4164123629087,0.4164123629086589,0.005521698609731308,7
original_dual_plus_minus,687.0,687.1604200459116,0.16042004591156456,0.006932416200527489,7
top_1_z06_c2_s2_hm1__z06_c2_s2_hm1,687.0,687.0782650544733,0.07826505447326326,0.010251402197066228,7
top_2_z04_c2_s2_hm1__z08_c2_s2_hp1,687.0,687.4053443892878,0.40534438928784766,0.0028832074020796582,7
top_3_z06_c2_s2_hp1__z06_c2_s2_hp1,687.0,687.5735969136317,0.573596913631718,0.001950271742879273,7
double_helix,687.0,687.2823477669725,0.28234776697252073,0.013228077865067078,8
best_single_helix,687.0,687.3599106700283,0.3599106700282846,0.00930753461432269,8
original_dual_plus_minus,687.0,687.0477710886255,0.047771088625495395,0.0094557957048777,8
top_1_z06_c2_s2_hm1__z06_c2_s2_hm1,687.0,687.397672422629,0.3976724226289434,0.0028510549475876867,8
top_2_z04_c2_s2_hm1__z08_c2_s2_hp1,687.0,687.3983548003616,0.3983548003616306,0.0031426741645148326,8
top_3_z06_c2_s2_hp1__z06_c2_s2_hp1,687.0,687.4628623456481,0.4628623456480909,0.0011200599618647982,8
double_helix,687.0,687.1847401236026,0.18474012360263714,0.019794960854244138,9
best_single_helix,687.0,687.4957784219023,0.49577842190228694,0.00027522169557446855,9
original_dual_plus_minus,687.0,687.1951521987061,0.1951521987060687,0.006555554381634105,9
top_1_z06_c2_s2_hm1__z06_c2_s2_hm1,687.0,687.2101112567294,0.21011125672941944,0.008803234558381869,9
top_2_z04_c2_s2_hm1__z08_c2_s2_hp1,687.0,687.4265429102185,0.42654291021847257,0.0020338664769225146,9
top_3_z06_c2_s2_hp1__z06_c2_s2_hp1,687.0,687.3601495709114,0.3601495709114033,0.004103917922878279,9
double_helix,687.0,687.3030852966012,0.30308529660123895,0.012800744886973458,10
best_single_helix,687.0,687.5101092751886,0.5101092751885972,0.0005470292409060361,10
original_dual_plus_minus,687.0,686.7255297492841,-0.2744702507159218,0.019172660804896647,10
top_1_z06_c2_s2_hm1__z06_c2_s2_hm1,687.0,687.1996153597182,0.19961535971822286,0.008319929415221718,10
top_2_z04_c2_s2_hm1__z08_c2_s2_hp1,687.0,686.747749166188,-0.2522508338120133,0.020115476745424198,10
top_3_z06_c2_s2_hp1__z06_c2_s2_hp1,687.0,687.3505869664962,0.3505869664961665,0.004186481779370103,10
double_helix,687.0,686.9694001645694,-0.03059983543062117,0.032082147151885926,11
best_single_helix,687.0,687.2292750155104,0.2292750155104386,0.017036447404874536,11
original_dual_plus_minus,687.0,687.7151180158063,0.7151180158062971,0.008895041890462807,11
top_1_z06_c2_s2_hm1__z06_c2_s2_hm1,687.0,687.2944461022827,0.2944461022826772,0.00633147594141374,11
top_2_z04_c2_s2_hm1__z08_c2_s2_hp1,687.0,687.8103583787905,0.8103583787905109,0.00845134106480958,11
top_3_z06_c2_s2_hp1__z06_c2_s2_hp1,687.0,687.4659035271911,0.4659035271911307,0.0011061051703258546,11
double_helix,687.0,687.3801293970138,0.3801293970137749,0.007386424086536599,12
best_single_helix,687.0,687.2499438949069,0.24994389490689173,0.01688060437596015,12
original_dual_plus_minus,687.0,687.1059931037859,0.10599310378586324,0.008423889889069353,12
top_1_z06_c2_s2_hm1__z06_c2_s2_hm1,687.0,687.2201789588073,0.22017895880730975,0.00813411376942187,12
top_2_z04_c2_s2_hm1__z08_c2_s2_hp1,687.0,687.0236875628177,0.023687562817713115,0.012815246516736054,12
top_3_z06_c2_s2_hp1__z06_c2_s2_hp1,687.0,687.2666643256604,0.266664325660372,0.0072474715476627555,12
double_helix,687.0,687.449907926571,0.44990792657097245,0.0030267081741662113,13
best_single_helix,687.0,687.3341558282555,0.33415582825546153,0.010921615802703353,13
original_dual_plus_minus,687.0,687.5797918201703,0.5797918201702714,0.003326777134938641,13
top_1_z06_c2_s2_hm1__z06_c2_s2_hm1,687.0,687.1987359604337,0.1987359604337371,0.00802231426629705,13
top_2_z04_c2_s2_hm1__z08_c2_s2_hp1,687.0,686.7929651610925,-0.2070348389074752,0.020296060624057737,13
top_3_z06_c2_s2_hp1__z06_c2_s2_hp1,687.0,687.3535707613556,0.35357076135562693,0.004374180290417032,13
double_helix,687.0,687.2697424589206,0.2697424589206321,0.015136185686075256,14
best_single_helix,687.0,687.1031181397199,0.10311813971986794,0.0228228607360669,14
original_dual_plus_minus,687.0,687.3443995912061,0.34439959120607,0.0033894704865525603,14
top_1_z06_c2_s2_hm1__z06_c2_s2_hm1,687.0,688.1199674020401,1.1199674020400607,0.015573999752305293,14
top_2_z04_c2_s2_hm1__z08_c2_s2_hp1,687.0,686.9543387816549,-0.04566121834511705,0.015219918915966742,14
top_3_z06_c2_s2_hp1__z06_c2_s2_hp1,687.0,687.4207901661434,0.42079016614343345,0.002458820750779019,14
double_helix,687.0,687.3695202248958,0.3695202248958367,0.007958851495210207,15
best_single_helix,687.0,687.4511663654723,0.4511663654723179,0.0031488197896921578,15
original_dual_plus_minus,687.0,686.7370960445118,-0.2629039554882411,0.016747046358808818,15
top_1_z06_c2_s2_hm1__z06_c2_s2_hm1,687.0,687.199092369,0.19909236900002725,0.008669746867964649,15
top_2_z04_c2_s2_hm1__z08_c2_s2_hp1,687.0,687.4383924120549,0.43839241205489543,0.001784308299326855,15
top_3_z06_c2_s2_hp1__z06_c2_s2_hp1,687.0,686.9354828600298,-0.0645171399702349,0.015523586310324206,15
double_helix,687.0,687.3652981603797,0.3652981603796661,0.008956551186182216,16
best_single_helix,687.0,687.2197670765696,0.21976707656961025,0.019228366026749506,16
original_dual_plus_minus,687.0,687.1142007987427,0.1142007987426723,0.009222091675177112,16
top_1_z06_c2_s2_hm1__z06_c2_s2_hm1,687.0,687.182366453541,0.18236645354102166,0.008842884021686717,16
top_2_z04_c2_s2_hm1__z08_c2_s2_hp1,687.0,687.3044038703515,0.30440387035150707,0.005751392738258321,16
top_3_z06_c2_s2_hp1__z06_c2_s2_hp1,687.0,687.4669708784231,0.4669708784231261,0.001018225381549008,16
double_helix,687.0,687.2615797741653,0.2615797741652841,0.015026784944004352,17
best_single_helix,687.0,687.1769083174112,0.17690831741117563,0.02128071544432955,17
original_dual_plus_minus,687.0,687.4026565170561,0.4026565170561298,0.0018478244189347227,17
top_1_z06_c2_s2_hm1__z06_c2_s2_hm1,687.0,686.8740943689714,-0.12590563102855867,0.01716414143228447,17
top_2_z04_c2_s2_hm1__z08_c2_s2_hp1,687.0,687.0988408890973,0.09884088909734601,0.011815037923635158,17
top_3_z06_c2_s2_hp1__z06_c2_s2_hp1,687.0,687.3663048367011,0.366304836701147,0.004135232720392296,17
double_helix,687.0,687.2819774502482,0.2819774502481778,0.012482933564812539,18
best_single_helix,687.0,687.4904869113059,0.4904869113058794,0.0006046704280415591,18
original_dual_plus_minus,687.0,687.2503584242465,0.2503584242465422,0.005596163159945895,18
top_1_z06_c2_s2_hm1__z06_c2_s2_hm1,687.0,687.4934899653038,0.4934899653037519,0.0001830518810782647,18
top_2_z04_c2_s2_hm1__z08_c2_s2_hp1,687.0,687.3212342138305,0.32123421383050754,0.005480141941254982,18
top_3_z06_c2_s2_hp1__z06_c2_s2_hp1,687.0,687.2501215874538,0.25012158745380475,0.007485122756867493,18
double_helix,687.0,687.5759645563306,0.5759645563306321,0.004880447505797864,19
best_single_helix,687.0,687.0026574451106,0.0026574451105716435,0.03101870962811592,19
original_dual_plus_minus,687.0,686.9595931424803,-0.040406857519656114,0.011232489735515104,19
top_1_z06_c2_s2_hm1__z06_c2_s2_hm1,687.0,687.7142312886864,0.714231288686392,0.005599632815030786,19
top_2_z04_c2_s2_hm1__z08_c2_s2_hp1,687.0,687.1842740500842,0.18427405008424103,0.009056565447989839,19
top_3_z06_c2_s2_hp1__z06_c2_s2_hp1,687.0,687.4602886068186,0.46028860681860806,0.0012517086102943147,19
