selection_group,rank,pair_id,wavelength_nm,fisher,crlb_nm
top,1,z06_c2_s2_hm1__z06_c2_s2_hm1,400.0,65.20085444916153,0.12384353966937987
top,1,z06_c2_s2_hm1__z06_c2_s2_hm1,405.0,25.772134072298474,0.19698121369322497
top,1,z06_c2_s2_hm1__z06_c2_s2_hm1,410.0,27.589630998909698,0.19038251252128865
top,1,z06_c2_s2_hm1__z06_c2_s2_hm1,415.0,27.182881682581378,0.19180161187407618
top,1,z06_c2_s2_hm1__z06_c2_s2_hm1,420.0,27.889984451097607,0.18935460174731705
top,1,z06_c2_s2_hm1__z06_c2_s2_hm1,425.0,27.564513156058613,0.19046923469764343
top,1,z06_c2_s2_hm1__z06_c2_s2_hm1,430.0,29.531427315306914,0.18401693004313446
top,1,z06_c2_s2_hm1__z06_c2_s2_hm1,435.0,32.29918851169905,0.17595604609715138
top,1,z06_c2_s2_hm1__z06_c2_s2_hm1,440.0,34.369091353596374,0.1705752336234633
top,1,z06_c2_s2_hm1__z06_c2_s2_hm1,445.0,36.39788156765795,0.16575320941301347
top,1,z06_c2_s2_hm1__z06_c2_s2_hm1,450.0,38.419736677701536,0.16133285081284843
top,1,z06_c2_s2_hm1__z06_c2_s2_hm1,455.0,42.202107084830416,0.15393342498096424
top,1,z06_c2_s2_hm1__z06_c2_s2_hm1,460.0,44.626781928431164,0.14969324902962208
top,1,z06_c2_s2_hm1__z06_c2_s2_hm1,465.0,47.791641610974274,0.14465186112282932
top,1,z06_c2_s2_hm1__z06_c2_s2_hm1,470.0,49.930763207025876,0.1415193736568804
top,1,z06_c2_s2_hm1__z06_c2_s2_hm1,475.0,48.81239547305219,0.14313140664357696
top,1,z06_c2_s2_hm1__z06_c2_s2_hm1,480.0,53.771699933089906,0.13637134277412183
top,1,z06_c2_s2_hm1__z06_c2_s2_hm1,485.0,52.54102351910463,0.1379592217008442
top,1,z06_c2_s2_hm1__z06_c2_s2_hm1,490.0,55.62203163991781,0.13408388228970888
top,1,z06_c2_s2_hm1__z06_c2_s2_hm1,495.0,56.97812754662266,0.1324786559806709
top,1,z06_c2_s2_hm1__z06_c2_s2_hm1,500.0,48.45930132812181,0.143651916973608
top,1,z06_c2_s2_hm1__z06_c2_s2_hm1,505.0,55.22519412198173,0.1345647703108597
top,1,z06_c2_s2_hm1__z06_c2_s2_hm1,510.0,54.832961984879276,0.1350451982668014
top,1,z06_c2_s2_hm1__z06_c2_s2_hm1,515.0,55.425019274621484,0.1343219764771262
top,1,z06_c2_s2_hm1__z06_c2_s2_hm1,520.0,55.04104634604165,0.13478968529078633
top,1,z06_c2_s2_hm1__z06_c2_s2_hm1,525.0,47.18223776664987,0.14558302280509947
top,1,z06_c2_s2_hm1__z06_c2_s2_hm1,530.0,54.298779966427674,0.13570784816402617
top,1,z06_c2_s2_hm1__z06_c2_s2_hm1,535.0,51.14977953493728,0.1398228393239026
top,1,z06_c2_s2_hm1__z06_c2_s2_hm1,540.0,56.525792063397596,0.13300766573136685
top,1,z06_c2_s2_hm1__z06_c2_s2_hm1,545.0,51.745368463897954,0.13901583034958304
top,1,z06_c2_s2_hm1__z06_c2_s2_hm1,550.0,40.308970966093916,0.15750674056426275
top,1,z06_c2_s2_hm1__z06_c2_s2_hm1,555.0,50.69067000497205,0.14045460548519423
top,1,z06_c2_s2_hm1__z06_c2_s2_hm1,560.0,46.16144712400951,0.14718389525012035
top,1,z06_c2_s2_hm1__z06_c2_s2_hm1,565.0,45.56346931571556,0.14814657229040354
top,1,z06_c2_s2_hm1__z06_c2_s2_hm1,570.0,43.80906568356659,0.15108383651634597
top,1,z06_c2_s2_hm1__z06_c2_s2_hm1,575.0,34.46690864310104,0.17033301488853486
top,1,z06_c2_s2_hm1__z06_c2_s2_hm1,580.0,38.3678257247634,0.161441954091408
top,1,z06_c2_s2_hm1__z06_c2_s2_hm1,585.0,36.38636713190695,0.16577943357146185
top,1,z06_c2_s2_hm1__z06_c2_s2_hm1,590.0,38.31173956373655,0.16156008169519634
top,1,z06_c2_s2_hm1__z06_c2_s2_hm1,595.0,37.01337841029355,0.16436927378046015
top,1,z06_c2_s2_hm1__z06_c2_s2_hm1,600.0,28.900164167417834,0.1860158046173276
top,1,z06_c2_s2_hm1__z06_c2_s2_hm1,605.0,32.707612103751664,0.17485400359374356
top,1,z06_c2_s2_hm1__z06_c2_s2_hm1,610.0,30.914960051535644,0.17985215883115416
top,1,z06_c2_s2_hm1__z06_c2_s2_hm1,615.0,29.90189493629105,0.18287344420665622
top,1,z06_c2_s2_hm1__z06_c2_s2_hm1,620.0,29.03910951738594,0.18557024994135757
top,1,z06_c2_s2_hm1__z06_c2_s2_hm1,625.0,22.703790052313234,0.20987022056697993
top,1,z06_c2_s2_hm1__z06_c2_s2_hm1,630.0,25.323545996628084,0.19871824389364157
top,1,z06_c2_s2_hm1__z06_c2_s2_hm1,635.0,24.0516056814872,0.20390504089618824
top,1,z06_c2_s2_hm1__z06_c2_s2_hm1,640.0,23.073649551835153,0.20818136602031484
top,1,z06_c2_s2_hm1__z06_c2_s2_hm1,645.0,22.03268067025325,0.2130425393267207
top,1,z06_c2_s2_hm1__z06_c2_s2_hm1,650.0,17.70119647395792,0.23768331101974266
top,1,z06_c2_s2_hm1__z06_c2_s2_hm1,655.0,19.460446274477494,0.2266854274590032
top,1,z06_c2_s2_hm1__z06_c2_s2_hm1,660.0,18.543223108833452,0.23222415332933913
top,1,z06_c2_s2_hm1__z06_c2_s2_hm1,665.0,17.62658319422248,0.23818583619578695
top,1,z06_c2_s2_hm1__z06_c2_s2_hm1,670.0,16.74541499371178,0.2443723372316838
top,1,z06_c2_s2_hm1__z06_c2_s2_hm1,675.0,13.907250177294653,0.26815096634255464
top,1,z06_c2_s2_hm1__z06_c2_s2_hm1,680.0,15.558871998003848,0.2535192527227664
top,1,z06_c2_s2_hm1__z06_c2_s2_hm1,685.0,14.713361108194384,0.2607018139820116
top,1,z06_c2_s2_hm1__z06_c2_s2_hm1,690.0,14.25496050658717,0.2648603757175921
top,1,z06_c2_s2_hm1__z06_c2_s2_hm1,695.0,13.456557996525223,0.27260449096346784
top,1,z06_c2_s2_hm1__z06_c2_s2_hm1,700.0,15.092999857453488,0.2574021772151999
top,2,z04_c2_s2_hm1__z08_c2_s2_hp1,400.0,75.55475945020027,0.11504535442723511
top,2,z04_c2_s2_hm1__z08_c2_s2_hp1,405.0,30.50666554112016,0.1810517094344358
top,2,z04_c2_s2_hm1__z08_c2_s2_hp1,410.0,31.917067640919825,0.17700621195417443
top,2,z04_c2_s2_hm1__z08_c2_s2_hp1,415.0,32.98551707278761,0.17411586783722396
top,2,z04_c2_s2_hm1__z08_c2_s2_hp1,420.0,33.62196322360067,0.17246003329557502
top,2,z04_c2_s2_hm1__z08_c2_s2_hp1,425.0,33.01356426334481,0.17404189069056847
top,2,z04_c2_s2_hm1__z08_c2_s2_hp1,430.0,34.68515136039126,0.16979629241712635
top,2,z04_c2_s2_hm1__z08_c2_s2_hp1,435.0,35.87470318704411,0.1669574648913185
top,2,z04_c2_s2_hm1__z08_c2_s2_hp1,440.0,39.30135516339489,0.15951305662257123
top,2,z04_c2_s2_hm1__z08_c2_s2_hp1,445.0,40.79609660237335,0.1565635622866682
top,2,z04_c2_s2_hm1__z08_c2_s2_hp1,450.0,40.247614865205534,0.15762675164061166
top,2,z04_c2_s2_hm1__z08_c2_s2_hp1,455.0,44.585107665964635,0.14976319277305436
top,2,z04_c2_s2_hm1__z08_c2_s2_hp1,460.0,45.09546093008713,0.14891333322996805
top,2,z04_c2_s2_hm1__z08_c2_s2_hp1,465.0,47.72455947186921,0.1447534875067745
top,2,z04_c2_s2_hm1__z08_c2_s2_hp1,470.0,48.910920452342495,0.14298717374427397
top,2,z04_c2_s2_hm1__z08_c2_s2_hp1,475.0,45.86446901100615,0.1476596433294166
top,2,z04_c2_s2_hm1__z08_c2_s2_hp1,480.0,49.69401885213577,0.14185607518411827
top,2,z04_c2_s2_hm1__z08_c2_s2_hp1,485.0,51.38169554884187,0.13950693082038143
top,2,z04_c2_s2_hm1__z08_c2_s2_hp1,490.0,52.95711464125378,0.13741617087688165
top,2,z04_c2_s2_hm1__z08_c2_s2_hp1,495.0,51.90144637775686,0.1388066489211132
top,2,z04_c2_s2_hm1__z08_c2_s2_hp1,500.0,46.759953967261026,0.1462389171257759
top,2,z04_c2_s2_hm1__z08_c2_s2_hp1,505.0,52.480961024602664,0.13803814370784076
top,2,z04_c2_s2_hm1__z08_c2_s2_hp1,510.0,51.832299730778914,0.13889920525651958
top,2,z04_c2_s2_hm1__z08_c2_s2_hp1,515.0,52.91436343713987,0.13747167112555217
top,2,z04_c2_s2_hm1__z08_c2_s2_hp1,520.0,52.23084477661772,0.13836825849441853
top,2,z04_c2_s2_hm1__z08_c2_s2_hp1,525.0,45.01193404585872,0.14905143551389313
top,2,z04_c2_s2_hm1__z08_c2_s2_hp1,530.0,51.154677745174695,0.1398161449404285
top,2,z04_c2_s2_hm1__z08_c2_s2_hp1,535.0,48.99273056333769,0.1428677408828133
top,2,z04_c2_s2_hm1__z08_c2_s2_hp1,540.0,53.07359298925189,0.13726529735159598
top,2,z04_c2_s2_hm1__z08_c2_s2_hp1,545.0,49.89323043824727,0.14157259345570947
top,2,z04_c2_s2_hm1__z08_c2_s2_hp1,550.0,38.82968310314944,0.16047895102279472
top,2,z04_c2_s2_hm1__z08_c2_s2_hp1,555.0,46.57789926769847,0.14652443362690537
top,2,z04_c2_s2_hm1__z08_c2_s2_hp1,560.0,44.07443554218889,0.1506283158974641
top,2,z04_c2_s2_hm1__z08_c2_s2_hp1,565.0,46.347839350596374,0.14688764010661273
top,2,z04_c2_s2_hm1__z08_c2_s2_hp1,570.0,44.62004802042231,0.1497045442050458
top,2,z04_c2_s2_hm1__z08_c2_s2_hp1,575.0,33.29863785156225,0.17329529269262814
top,2,z04_c2_s2_hm1__z08_c2_s2_hp1,580.0,38.558528964009525,0.16104222845152336
top,2,z04_c2_s2_hm1__z08_c2_s2_hp1,585.0,36.128249157295336,0.16637058447235098
top,2,z04_c2_s2_hm1__z08_c2_s2_hp1,590.0,37.163499676702244,0.164036954527856
top,2,z04_c2_s2_hm1__z08_c2_s2_hp1,595.0,35.644557699270734,0.16749559308559828
top,2,z04_c2_s2_hm1__z08_c2_s2_hp1,600.0,27.542004980127864,0.19054704746970058
top,2,z04_c2_s2_hm1__z08_c2_s2_hp1,605.0,31.321821855739323,0.17868022571592682
top,2,z04_c2_s2_hm1__z08_c2_s2_hp1,610.0,29.374402578797742,0.18450811785466303
top,2,z04_c2_s2_hm1__z08_c2_s2_hp1,615.0,28.02377929862223,0.18890203999187682
top,2,z04_c2_s2_hm1__z08_c2_s2_hp1,620.0,26.66111519831402,0.19366932740606996
top,2,z04_c2_s2_hm1__z08_c2_s2_hp1,625.0,21.26672784114715,0.21684512517789187
top,2,z04_c2_s2_hm1__z08_c2_s2_hp1,630.0,23.716296335663788,0.20534142232083832
top,2,z04_c2_s2_hm1__z08_c2_s2_hp1,635.0,22.595211678172653,0.21037386837062116
top,2,z04_c2_s2_hm1__z08_c2_s2_hp1,640.0,21.740019021271507,0.21447172267653722
top,2,z04_c2_s2_hm1__z08_c2_s2_hp1,645.0,20.366274526724013,0.22158696198259062
top,2,z04_c2_s2_hm1__z08_c2_s2_hp1,650.0,16.88631058773712,0.24335070767713834
top,2,z04_c2_s2_hm1__z08_c2_s2_hp1,655.0,18.85925202169853,0.2302702157761401
top,2,z04_c2_s2_hm1__z08_c2_s2_hp1,660.0,17.95816861499491,0.23597662069123188
top,2,z04_c2_s2_hm1__z08_c2_s2_hp1,665.0,17.109805456561666,0.24175611292161633
top,2,z04_c2_s2_hm1__z08_c2_s2_hp1,670.0,16.140227193185826,0.24891162390998914
top,2,z04_c2_s2_hm1__z08_c2_s2_hp1,675.0,13.300039288855345,0.2742038435480075
top,2,z04_c2_s2_hm1__z08_c2_s2_hp1,680.0,15.163951604612347,0.25679928200739743
top,2,z04_c2_s2_hm1__z08_c2_s2_hp1,685.0,14.50401804418939,0.2625764874142807
top,2,z04_c2_s2_hm1__z08_c2_s2_hp1,690.0,14.246290271143515,0.264940959942836
top,2,z04_c2_s2_hm1__z08_c2_s2_hp1,695.0,13.476471225743019,0.2724030123118879
top,2,z04_c2_s2_hm1__z08_c2_s2_hp1,700.0,15.090670211200644,0.2574220448840246
top,3,z06_c2_s2_hp1__z06_c2_s2_hp1,400.0,65.66713201325749,0.12340307322152237
top,3,z06_c2_s2_hp1__z06_c2_s2_hp1,405.0,25.720539383439966,0.19717868413929687
top,3,z06_c2_s2_hp1__z06_c2_s2_hp1,410.0,27.403195602117492,0.19102904065023762
top,3,z06_c2_s2_hp1__z06_c2_s2_hp1,415.0,26.98051037693846,0.19251958623951262
top,3,z06_c2_s2_hp1__z06_c2_s2_hp1,420.0,27.764407353812928,0.18978233957374926
top,3,z06_c2_s2_hp1__z06_c2_s2_hp1,425.0,27.555793773077685,0.1904993670694349
top,3,z06_c2_s2_hp1__z06_c2_s2_hp1,430.0,29.381088994032716,0.18448712189892627
top,3,z06_c2_s2_hp1__z06_c2_s2_hp1,435.0,32.13112226121358,0.1764156270452508
top,3,z06_c2_s2_hp1__z06_c2_s2_hp1,440.0,34.02381114270224,0.1714385640593726
top,3,z06_c2_s2_hp1__z06_c2_s2_hp1,445.0,36.16282446682007,0.16629103191879996
top,3,z06_c2_s2_hp1__z06_c2_s2_hp1,450.0,38.41893873978506,0.16133452619658672
top,3,z06_c2_s2_hp1__z06_c2_s2_hp1,455.0,41.77676021661507,0.15471507111043678
top,3,z06_c2_s2_hp1__z06_c2_s2_hp1,460.0,44.33681698296132,0.15018195187145103
top,3,z06_c2_s2_hp1__z06_c2_s2_hp1,465.0,47.57250871161189,0.14498463275782944
top,3,z06_c2_s2_hp1__z06_c2_s2_hp1,470.0,49.61298334060875,0.14197187843428227
top,3,z06_c2_s2_hp1__z06_c2_s2_hp1,475.0,48.791803846290605,0.143161606363338
top,3,z06_c2_s2_hp1__z06_c2_s2_hp1,480.0,53.522504629239364,0.13668843961771518
top,3,z06_c2_s2_hp1__z06_c2_s2_hp1,485.0,52.93019868506647,0.13745110573102803
top,3,z06_c2_s2_hp1__z06_c2_s2_hp1,490.0,56.32347778467478,0.13324633377602094
top,3,z06_c2_s2_hp1__z06_c2_s2_hp1,495.0,57.314105568083605,0.13208978714997247
top,3,z06_c2_s2_hp1__z06_c2_s2_hp1,500.0,48.451245418326984,0.14366385886256886
top,3,z06_c2_s2_hp1__z06_c2_s2_hp1,505.0,55.93896730229344,0.13370350050936458
top,3,z06_c2_s2_hp1__z06_c2_s2_hp1,510.0,55.76255756188097,0.1339148248794065
top,3,z06_c2_s2_hp1__z06_c2_s2_hp1,515.0,56.60077275469663,0.13291953697170794
top,3,z06_c2_s2_hp1__z06_c2_s2_hp1,520.0,55.75710754903232,0.13392136951303768
top,3,z06_c2_s2_hp1__z06_c2_s2_hp1,525.0,47.19442543612932,0.1455642236321694
top,3,z06_c2_s2_hp1__z06_c2_s2_hp1,530.0,54.21044670481311,0.1358183677989887
top,3,z06_c2_s2_hp1__z06_c2_s2_hp1,535.0,51.385883085986855,0.1395012463568488
top,3,z06_c2_s2_hp1__z06_c2_s2_hp1,540.0,56.375090738060265,0.13318532445860817
top,3,z06_c2_s2_hp1__z06_c2_s2_hp1,545.0,52.07997291964184,0.138568534894595
top,3,z06_c2_s2_hp1__z06_c2_s2_hp1,550.0,40.31403163692022,0.1574968542448965
top,3,z06_c2_s2_hp1__z06_c2_s2_hp1,555.0,51.271816512562225,0.13965633729969137
top,3,z06_c2_s2_hp1__z06_c2_s2_hp1,560.0,47.121534158613876,0.14567676519460265
top,3,z06_c2_s2_hp1__z06_c2_s2_hp1,565.0,46.10102711251132,0.14728031328421373
top,3,z06_c2_s2_hp1__z06_c2_s2_hp1,570.0,44.54166113185394,0.14983621548474502
top,3,z06_c2_s2_hp1__z06_c2_s2_hp1,575.0,34.46053866188769,0.17034875706800456
top,3,z06_c2_s2_hp1__z06_c2_s2_hp1,580.0,38.137168863451016,0.1619294255130892
top,3,z06_c2_s2_hp1__z06_c2_s2_hp1,585.0,36.145502529435795,0.1663308728066223
top,3,z06_c2_s2_hp1__z06_c2_s2_hp1,590.0,37.76847626322201,0.16271787651523853
top,3,z06_c2_s2_hp1__z06_c2_s2_hp1,595.0,36.378194485823045,0.1657980543492585
top,3,z06_c2_s2_hp1__z06_c2_s2_hp1,600.0,28.889691981241036,0.18604951587391977
top,3,z06_c2_s2_hp1__z06_c2_s2_hp1,605.0,32.48130261001159,0.17546208316880166
top,3,z06_c2_s2_hp1__z06_c2_s2_hp1,610.0,30.27358570959304,0.1817473420695989
top,3,z06_c2_s2_hp1__z06_c2_s2_hp1,615.0,30.09140346878027,0.18229668788293546
top,3,z06_c2_s2_hp1__z06_c2_s2_hp1,620.0,28.631675070991935,0.1868859366871258
top,3,z06_c2_s2_hp1__z06_c2_s2_hp1,625.0,22.706351882871367,0.20985838099202345
top,3,z06_c2_s2_hp1__z06_c2_s2_hp1,630.0,25.324466755128796,0.19871463131657824
top,3,z06_c2_s2_hp1__z06_c2_s2_hp1,635.0,23.682583358568472,0.2054875256544426
top,3,z06_c2_s2_hp1__z06_c2_s2_hp1,640.0,23.302537096815122,0.20715641947064697
top,3,z06_c2_s2_hp1__z06_c2_s2_hp1,645.0,21.92129904701155,0.2135830857257539
top,3,z06_c2_s2_hp1__z06_c2_s2_hp1,650.0,17.72346629496643,0.23753393762722558
top,3,z06_c2_s2_hp1__z06_c2_s2_hp1,655.0,19.423528830819635,0.22690075068539486
top,3,z06_c2_s2_hp1__z06_c2_s2_hp1,660.0,18.453766650757707,0.23278633761187617
top,3,z06_c2_s2_hp1__z06_c2_s2_hp1,665.0,17.833761652952546,0.23679826770500273
top,3,z06_c2_s2_hp1__z06_c2_s2_hp1,670.0,16.954018402120344,0.2428642970951022
top,3,z06_c2_s2_hp1__z06_c2_s2_hp1,675.0,13.928960225209183,0.2679419112366249
top,3,z06_c2_s2_hp1__z06_c2_s2_hp1,680.0,15.87148002842256,0.25101015190040316
top,3,z06_c2_s2_hp1__z06_c2_s2_hp1,685.0,14.977309102708821,0.2583944037441445
top,3,z06_c2_s2_hp1__z06_c2_s2_hp1,690.0,14.497998390277992,0.2626309934053969
top,3,z06_c2_s2_hp1__z06_c2_s2_hp1,695.0,13.620465017635977,0.2709592817595152
top,3,z06_c2_s2_hp1__z06_c2_s2_hp1,700.0,15.67214218478004,0.2526014379289199
middle,1,z06_c1_s2_hp1__z08_c0_s2_hp1,400.0,65.36849901424202,0.12368463266403196
middle,1,z06_c1_s2_hp1__z08_c0_s2_hp1,405.0,28.770531863168237,0.18643440230082559
middle,1,z06_c1_s2_hp1__z08_c0_s2_hp1,410.0,31.71619272550699,0.17756586277632871
middle,1,z06_c1_s2_hp1__z08_c0_s2_hp1,415.0,32.10549225667437,0.17648602981705888
middle,1,z06_c1_s2_hp1__z08_c0_s2_hp1,420.0,33.05548057624378,0.1739315079586747
middle,1,z06_c1_s2_hp1__z08_c0_s2_hp1,425.0,32.05865224195685,0.1766149121987495
middle,1,z06_c1_s2_hp1__z08_c0_s2_hp1,430.0,35.862863225586146,0.16698502274146168
middle,1,z06_c1_s2_hp1__z08_c0_s2_hp1,435.0,36.33791984023204,0.16588990892864655
middle,1,z06_c1_s2_hp1__z08_c0_s2_hp1,440.0,38.979111551054444,0.16017105345875832
middle,1,z06_c1_s2_hp1__z08_c0_s2_hp1,445.0,40.585962668448666,0.15696834316286193
middle,1,z06_c1_s2_hp1__z08_c0_s2_hp1,450.0,38.672845546855115,0.16080403260720882
middle,1,z06_c1_s2_hp1__z08_c0_s2_hp1,455.0,41.81291342853821,0.15464817005164394
middle,1,z06_c1_s2_hp1__z08_c0_s2_hp1,460.0,43.17374264070389,0.15219141356666444
middle,1,z06_c1_s2_hp1__z08_c0_s2_hp1,465.0,44.04597270423618,0.15067697661130613
middle,1,z06_c1_s2_hp1__z08_c0_s2_hp1,470.0,44.942421789317706,0.14916665959411982
middle,1,z06_c1_s2_hp1__z08_c0_s2_hp1,475.0,42.19814512960696,0.15394065116378253
middle,1,z06_c1_s2_hp1__z08_c0_s2_hp1,480.0,44.45018005569899,0.14999032209270743
middle,1,z06_c1_s2_hp1__z08_c0_s2_hp1,485.0,42.90353020385196,0.15266992272946447
middle,1,z06_c1_s2_hp1__z08_c0_s2_hp1,490.0,43.59041357076319,0.15146228529445865
middle,1,z06_c1_s2_hp1__z08_c0_s2_hp1,495.0,41.87639751624504,0.15453090325849458
middle,1,z06_c1_s2_hp1__z08_c0_s2_hp1,500.0,38.246125991944005,0.16169860541718964
middle,1,z06_c1_s2_hp1__z08_c0_s2_hp1,505.0,40.657465607015425,0.1568302549094392
middle,1,z06_c1_s2_hp1__z08_c0_s2_hp1,510.0,38.89128750687575,0.16035180007455213
middle,1,z06_c1_s2_hp1__z08_c0_s2_hp1,515.0,39.29625961206136,0.1595233983272134
middle,1,z06_c1_s2_hp1__z08_c0_s2_hp1,520.0,37.41953442391874,0.16347479828880826
middle,1,z06_c1_s2_hp1__z08_c0_s2_hp1,525.0,31.79443644442489,0.1773472400673495
middle,1,z06_c1_s2_hp1__z08_c0_s2_hp1,530.0,35.79157845438456,0.16715122899183463
middle,1,z06_c1_s2_hp1__z08_c0_s2_hp1,535.0,34.1061664718258,0.1712314546967065
middle,1,z06_c1_s2_hp1__z08_c0_s2_hp1,540.0,35.7414349836966,0.16726844036139468
middle,1,z06_c1_s2_hp1__z08_c0_s2_hp1,545.0,33.87087918764895,0.1718251632119902
middle,1,z06_c1_s2_hp1__z08_c0_s2_hp1,550.0,26.80085290353328,0.19316377865069548
middle,1,z06_c1_s2_hp1__z08_c0_s2_hp1,555.0,32.27106500000433,0.17603270028043444
middle,1,z06_c1_s2_hp1__z08_c0_s2_hp1,560.0,31.573863483912376,0.1779656300916986
middle,1,z06_c1_s2_hp1__z08_c0_s2_hp1,565.0,32.71157515953893,0.17484341136214163
middle,1,z06_c1_s2_hp1__z08_c0_s2_hp1,570.0,31.337738938309457,0.17863484227036508
middle,1,z06_c1_s2_hp1__z08_c0_s2_hp1,575.0,23.852024610153016,0.20475634831604841
middle,1,z06_c1_s2_hp1__z08_c0_s2_hp1,580.0,29.010014633535228,0.18566328319004366
middle,1,z06_c1_s2_hp1__z08_c0_s2_hp1,585.0,27.426377470405935,0.19094829090070742
middle,1,z06_c1_s2_hp1__z08_c0_s2_hp1,590.0,29.02989355171876,0.1855997036032882
middle,1,z06_c1_s2_hp1__z08_c0_s2_hp1,595.0,28.06603932642861,0.18875976817525517
middle,1,z06_c1_s2_hp1__z08_c0_s2_hp1,600.0,21.411863063026438,0.21610895901809302
middle,1,z06_c1_s2_hp1__z08_c0_s2_hp1,605.0,25.645162358474998,0.19746824825193568
middle,1,z06_c1_s2_hp1__z08_c0_s2_hp1,610.0,24.00938797296386,0.20408423377477514
middle,1,z06_c1_s2_hp1__z08_c0_s2_hp1,615.0,23.618214352139077,0.20576735264936408
middle,1,z06_c1_s2_hp1__z08_c0_s2_hp1,620.0,22.825627221725732,0.20930935522453228
middle,1,z06_c1_s2_hp1__z08_c0_s2_hp1,625.0,16.848772719507792,0.24362164089737057
middle,1,z06_c1_s2_hp1__z08_c0_s2_hp1,630.0,20.503196718296813,0.2208458337497563
middle,1,z06_c1_s2_hp1__z08_c0_s2_hp1,635.0,19.675706920821092,0.22544199944790086
middle,1,z06_c1_s2_hp1__z08_c0_s2_hp1,640.0,19.36033377926337,0.22727076813164734
middle,1,z06_c1_s2_hp1__z08_c0_s2_hp1,645.0,18.44306457990606,0.2328538679987742
middle,1,z06_c1_s2_hp1__z08_c0_s2_hp1,650.0,14.130896822839977,0.26602051953972333
middle,1,z06_c1_s2_hp1__z08_c0_s2_hp1,655.0,16.527867074153,0.2459753540295873
middle,1,z06_c1_s2_hp1__z08_c0_s2_hp1,660.0,15.908541407880817,0.25071759815104816
middle,1,z06_c1_s2_hp1__z08_c0_s2_hp1,665.0,15.457112466001755,0.25435238635173085
middle,1,z06_c1_s2_hp1__z08_c0_s2_hp1,670.0,14.69504257879635,0.26086425605835695
middle,1,z06_c1_s2_hp1__z08_c0_s2_hp1,675.0,11.555989395983158,0.2941686806418181
middle,1,z06_c1_s2_hp1__z08_c0_s2_hp1,680.0,13.56815550273775,0.27148109601005815
middle,1,z06_c1_s2_hp1__z08_c0_s2_hp1,685.0,13.17717608048857,0.2754792077789196
middle,1,z06_c1_s2_hp1__z08_c0_s2_hp1,690.0,12.748966623108062,0.2800673666491052
middle,1,z06_c1_s2_hp1__z08_c0_s2_hp1,695.0,12.186984969915494,0.2864520022499305
middle,1,z06_c1_s2_hp1__z08_c0_s2_hp1,700.0,13.674331827508894,0.27042506499586116
middle,2,z08_c2_s1_hm1__z10_c1_s2_hp1,400.0,86.49738266245967,0.10752229284393423
middle,2,z08_c2_s1_hm1__z10_c1_s2_hp1,405.0,40.51649754625458,0.15710284584913
middle,2,z08_c2_s1_hm1__z10_c1_s2_hp1,410.0,43.226064634166335,0.15209927738312193
middle,2,z08_c2_s1_hm1__z10_c1_s2_hp1,415.0,46.403582637315154,0.14679938765009376
middle,2,z08_c2_s1_hm1__z10_c1_s2_hp1,420.0,48.09343132685105,0.1441972965152735
middle,2,z08_c2_s1_hm1__z10_c1_s2_hp1,425.0,44.33090051182117,0.15019197329588652
middle,2,z08_c2_s1_hm1__z10_c1_s2_hp1,430.0,44.43028818097519,0.1500238944028168
middle,2,z08_c2_s1_hm1__z10_c1_s2_hp1,435.0,44.69935421563689,0.1495716813395891
middle,2,z08_c2_s1_hm1__z10_c1_s2_hp1,440.0,51.483621303002494,0.1393687665507399
middle,2,z08_c2_s1_hm1__z10_c1_s2_hp1,445.0,52.3224585257835,0.13824706781376236
middle,2,z08_c2_s1_hm1__z10_c1_s2_hp1,450.0,47.02691574072114,0.14582324278698341
middle,2,z08_c2_s1_hm1__z10_c1_s2_hp1,455.0,48.99018318469136,0.14287145523411643
middle,2,z08_c2_s1_hm1__z10_c1_s2_hp1,460.0,48.786115568661025,0.14316995217256517
middle,2,z08_c2_s1_hm1__z10_c1_s2_hp1,465.0,48.659289408618726,0.14335641070158267
middle,2,z08_c2_s1_hm1__z10_c1_s2_hp1,470.0,48.743563557002204,0.14323243058026236
middle,2,z08_c2_s1_hm1__z10_c1_s2_hp1,475.0,44.49182562915297,0.14992010812328105
middle,2,z08_c2_s1_hm1__z10_c1_s2_hp1,480.0,53.31000439534042,0.1369605971396456
middle,2,z08_c2_s1_hm1__z10_c1_s2_hp1,485.0,50.13643213843458,0.14122880601788473
middle,2,z08_c2_s1_hm1__z10_c1_s2_hp1,490.0,40.50163707703277,0.15713166453479205
middle,2,z08_c2_s1_hm1__z10_c1_s2_hp1,495.0,39.779756385242194,0.15855098353941396
middle,2,z08_c2_s1_hm1__z10_c1_s2_hp1,500.0,39.12967231687385,0.1598626082649582
middle,2,z08_c2_s1_hm1__z10_c1_s2_hp1,505.0,49.31909749779956,0.1423942457884389
middle,2,z08_c2_s1_hm1__z10_c1_s2_hp1,510.0,48.01766367035364,0.1443110170081708
middle,2,z08_c2_s1_hm1__z10_c1_s2_hp1,515.0,33.842838501246284,0.1718963318569505
middle,2,z08_c2_s1_hm1__z10_c1_s2_hp1,520.0,32.816793597024315,0.17456289156868227
middle,2,z08_c2_s1_hm1__z10_c1_s2_hp1,525.0,33.48673495828542,0.172807901996798
middle,2,z08_c2_s1_hm1__z10_c1_s2_hp1,530.0,46.184462272569554,0.1471472175324175
middle,2,z08_c2_s1_hm1__z10_c1_s2_hp1,535.0,44.73001888882031,0.14952040310195666
middle,2,z08_c2_s1_hm1__z10_c1_s2_hp1,540.0,29.10514549618255,0.1853596124121771
middle,2,z08_c2_s1_hm1__z10_c1_s2_hp1,545.0,28.059061828107914,0.1887832363350976
middle,2,z08_c2_s1_hm1__z10_c1_s2_hp1,550.0,29.418497617238184,0.18436978748102292
middle,2,z08_c2_s1_hm1__z10_c1_s2_hp1,555.0,39.7556290751687,0.15859908777781204
middle,2,z08_c2_s1_hm1__z10_c1_s2_hp1,560.0,39.68740649011938,0.1587353450291157
middle,2,z08_c2_s1_hm1__z10_c1_s2_hp1,565.0,29.557308256414537,0.1839363480380791
middle,2,z08_c2_s1_hm1__z10_c1_s2_hp1,570.0,28.77404602037894,0.1864230173916005
middle,2,z08_c2_s1_hm1__z10_c1_s2_hp1,575.0,25.258366699303195,0.19897447523566547
middle,2,z08_c2_s1_hm1__z10_c1_s2_hp1,580.0,32.272208196955525,0.1760295823991411
middle,2,z08_c2_s1_hm1__z10_c1_s2_hp1,585.0,31.591124738626355,0.1779170036209563
middle,2,z08_c2_s1_hm1__z10_c1_s2_hp1,590.0,29.34984694097753,0.18458528635341664
middle,2,z08_c2_s1_hm1__z10_c1_s2_hp1,595.0,28.100773241475025,0.18864307400201993
middle,2,z08_c2_s1_hm1__z10_c1_s2_hp1,600.0,22.438792094886672,0.21110584726215587
middle,2,z08_c2_s1_hm1__z10_c1_s2_hp1,605.0,26.405200005183502,0.19460557126475
middle,2,z08_c2_s1_hm1__z10_c1_s2_hp1,610.0,24.39842317572665,0.20245062422948448
middle,2,z08_c2_s1_hm1__z10_c1_s2_hp1,615.0,26.49622464507359,0.1942710114930536
middle,2,z08_c2_s1_hm1__z10_c1_s2_hp1,620.0,25.256762048976704,0.19898079590703416
middle,2,z08_c2_s1_hm1__z10_c1_s2_hp1,625.0,17.92160211439932,0.23621723651866516
middle,2,z08_c2_s1_hm1__z10_c1_s2_hp1,630.0,19.130599818267463,0.22863131090668534
middle,2,z08_c2_s1_hm1__z10_c1_s2_hp1,635.0,18.358739564763006,0.2333880253211162
middle,2,z08_c2_s1_hm1__z10_c1_s2_hp1,640.0,24.072895000654007,0.2038148573166669
middle,2,z08_c2_s1_hm1__z10_c1_s2_hp1,645.0,23.405900487650616,0.2066984989934207
middle,2,z08_c2_s1_hm1__z10_c1_s2_hp1,650.0,15.892175810988334,0.2508466581172237
middle,2,z08_c2_s1_hm1__z10_c1_s2_hp1,655.0,15.211173483422419,0.25640036568785507
middle,2,z08_c2_s1_hm1__z10_c1_s2_hp1,660.0,14.385449310042194,0.26365637973135475
middle,2,z08_c2_s1_hm1__z10_c1_s2_hp1,665.0,22.352759113794747,0.21151171713582928
middle,2,z08_c2_s1_hm1__z10_c1_s2_hp1,670.0,20.8893391942015,0.21879512895774145
middle,2,z08_c2_s1_hm1__z10_c1_s2_hp1,675.0,13.444847572369813,0.27272318399353285
middle,2,z08_c2_s1_hm1__z10_c1_s2_hp1,680.0,12.250836718439377,0.28570452856468
middle,2,z08_c2_s1_hm1__z10_c1_s2_hp1,685.0,11.676803078710062,0.29264292023383504
middle,2,z08_c2_s1_hm1__z10_c1_s2_hp1,690.0,18.353524095191712,0.23342118357661684
middle,2,z08_c2_s1_hm1__z10_c1_s2_hp1,695.0,18.073446789594527,0.23522284996458662
middle,2,z08_c2_s1_hm1__z10_c1_s2_hp1,700.0,13.072383069577818,0.27658117486105316
middle,3,z08_c2_s2_hp1__z10_c0_s2_hp1,400.0,86.55686862965612,0.10748533929545234
middle,3,z08_c2_s2_hp1__z10_c0_s2_hp1,405.0,41.34463908250822,0.15552148606406208
middle,3,z08_c2_s2_hp1__z10_c0_s2_hp1,410.0,43.32770721748379,0.1519207675808165
middle,3,z08_c2_s2_hp1__z10_c0_s2_hp1,415.0,45.16624264855912,0.1487966036351254
middle,3,z08_c2_s2_hp1__z10_c0_s2_hp1,420.0,45.77514477690123,0.1478036423975138
middle,3,z08_c2_s2_hp1__z10_c0_s2_hp1,425.0,43.1889732305117,0.15216457605221903
middle,3,z08_c2_s2_hp1__z10_c0_s2_hp1,430.0,45.161307444667756,0.1488047336202588
middle,3,z08_c2_s2_hp1__z10_c0_s2_hp1,435.0,44.94564847421486,0.14916130509971604
middle,3,z08_c2_s2_hp1__z10_c0_s2_hp1,440.0,47.36998131733657,0.14529423855329782
middle,3,z08_c2_s2_hp1__z10_c0_s2_hp1,445.0,47.5056096771125,0.14508668301761604
middle,3,z08_c2_s2_hp1__z10_c0_s2_hp1,450.0,43.77530322620802,0.1511420882934903
middle,3,z08_c2_s2_hp1__z10_c0_s2_hp1,455.0,48.12186859388827,0.14415468404897214
middle,3,z08_c2_s2_hp1__z10_c0_s2_hp1,460.0,46.37071525783069,0.14685140384704626
middle,3,z08_c2_s2_hp1__z10_c0_s2_hp1,465.0,46.91311135726141,0.14600000863652973
middle,3,z08_c2_s2_hp1__z10_c0_s2_hp1,470.0,46.40005370869116,0.14680496991423075
middle,3,z08_c2_s2_hp1__z10_c0_s2_hp1,475.0,43.06960140824134,0.15237530001512853
middle,3,z08_c2_s2_hp1__z10_c0_s2_hp1,480.0,44.45814118880521,0.1499768920847457
middle,3,z08_c2_s2_hp1__z10_c0_s2_hp1,485.0,43.245742895512,0.15206466831304566
middle,3,z08_c2_s2_hp1__z10_c0_s2_hp1,490.0,44.59367526880209,0.1497488053831017
middle,3,z08_c2_s2_hp1__z10_c0_s2_hp1,495.0,41.630859598128595,0.15498594326941817
middle,3,z08_c2_s2_hp1__z10_c0_s2_hp1,500.0,35.97741768325802,0.1667189651539047
middle,3,z08_c2_s2_hp1__z10_c0_s2_hp1,505.0,40.31561469978497,0.15749376202032367
middle,3,z08_c2_s2_hp1__z10_c0_s2_hp1,510.0,39.13781129555095,0.15984598513290207
middle,3,z08_c2_s2_hp1__z10_c0_s2_hp1,515.0,39.090181244330026,0.15994333892405688
middle,3,z08_c2_s2_hp1__z10_c0_s2_hp1,520.0,37.79706540390284,0.16265632617772788
middle,3,z08_c2_s2_hp1__z10_c0_s2_hp1,525.0,32.29287650075214,0.17597324156474586
middle,3,z08_c2_s2_hp1__z10_c0_s2_hp1,530.0,36.62331897385034,0.16524226916959933
middle,3,z08_c2_s2_hp1__z10_c0_s2_hp1,535.0,34.46510892219114,0.17033746210916323
middle,3,z08_c2_s2_hp1__z10_c0_s2_hp1,540.0,36.2945531823585,0.165988986374256
middle,3,z08_c2_s2_hp1__z10_c0_s2_hp1,545.0,34.36992350460237,0.17057316866088892
middle,3,z08_c2_s2_hp1__z10_c0_s2_hp1,550.0,26.943506861146922,0.1926517415918002
middle,3,z08_c2_s2_hp1__z10_c0_s2_hp1,555.0,32.26129928503162,0.17605934141299726
middle,3,z08_c2_s2_hp1__z10_c0_s2_hp1,560.0,31.38533549957393,0.17849933901627046
middle,3,z08_c2_s2_hp1__z10_c0_s2_hp1,565.0,32.277719871272154,0.17601455254025145
middle,3,z08_c2_s2_hp1__z10_c0_s2_hp1,570.0,30.500708636605253,0.1810693886153392
middle,3,z08_c2_s2_hp1__z10_c0_s2_hp1,575.0,23.76842334305511,0.20511612952739064
middle,3,z08_c2_s2_hp1__z10_c0_s2_hp1,580.0,28.298126929337037,0.18798411618331795
middle,3,z08_c2_s2_hp1__z10_c0_s2_hp1,585.0,26.538920887109157,0.1941146754274845
middle,3,z08_c2_s2_hp1__z10_c0_s2_hp1,590.0,28.09669039121001,0.18865677977013132
middle,3,z08_c2_s2_hp1__z10_c0_s2_hp1,595.0,27.24486994153169,0.19158329153502476
middle,3,z08_c2_s2_hp1__z10_c0_s2_hp1,600.0,20.60450747204444,0.22030222384773446
middle,3,z08_c2_s2_hp1__z10_c0_s2_hp1,605.0,24.59660935873722,0.20163335577327343
middle,3,z08_c2_s2_hp1__z10_c0_s2_hp1,610.0,22.83770078273368,0.20925402033371654
middle,3,z08_c2_s2_hp1__z10_c0_s2_hp1,615.0,22.77551328043434,0.2095395048796905
middle,3,z08_c2_s2_hp1__z10_c0_s2_hp1,620.0,22.102148125402504,0.2127074775475431
middle,3,z08_c2_s2_hp1__z10_c0_s2_hp1,625.0,16.80568461364638,0.24393375181295324
middle,3,z08_c2_s2_hp1__z10_c0_s2_hp1,630.0,20.10195080004682,0.223039045138333
middle,3,z08_c2_s2_hp1__z10_c0_s2_hp1,635.0,19.045557077228764,0.22914118774500639
middle,3,z08_c2_s2_hp1__z10_c0_s2_hp1,640.0,18.883685461757345,0.23012119521927918
middle,3,z08_c2_s2_hp1__z10_c0_s2_hp1,645.0,17.9550252696129,0.23599727573204168
middle,3,z08_c2_s2_hp1__z10_c0_s2_hp1,650.0,13.934478782124147,0.26788884864493595
middle,3,z08_c2_s2_hp1__z10_c0_s2_hp1,655.0,17.129806222222058,0.24161493445322463
middle,3,z08_c2_s2_hp1__z10_c0_s2_hp1,660.0,16.38323719711743,0.24705869352136903
middle,3,z08_c2_s2_hp1__z10_c0_s2_hp1,665.0,15.957501473558676,0.25033268262790725
middle,3,z08_c2_s2_hp1__z10_c0_s2_hp1,670.0,15.248614538847644,0.25608539279766335
middle,3,z08_c2_s2_hp1__z10_c0_s2_hp1,675.0,11.285505312558861,0.2976730348541061
middle,3,z08_c2_s2_hp1__z10_c0_s2_hp1,680.0,14.367221802047148,0.26382357543342533
middle,3,z08_c2_s2_hp1__z10_c0_s2_hp1,685.0,13.874374937570375,0.2684684693448423
middle,3,z08_c2_s2_hp1__z10_c0_s2_hp1,690.0,13.818781449763538,0.2690079567696042
middle,3,z08_c2_s2_hp1__z10_c0_s2_hp1,695.0,13.123208271052285,0.2760450662061558
middle,3,z08_c2_s2_hp1__z10_c0_s2_hp1,700.0,14.786825160616392,0.2600533969334182
bad,1,z12_c0_s3_hm1__z12_c0_s3_hm1,400.0,92.33272637638665,0.10406918902249342
bad,1,z12_c0_s3_hm1__z12_c0_s3_hm1,405.0,49.26549076245827,0.1424716956948144
bad,1,z12_c0_s3_hm1__z12_c0_s3_hm1,410.0,49.98702258915742,0.14143971264108376
bad,1,z12_c0_s3_hm1__z12_c0_s3_hm1,415.0,53.18021657138361,0.13712762340085305
bad,1,z12_c0_s3_hm1__z12_c0_s3_hm1,420.0,51.532003502646575,0.13930332614015778
bad,1,z12_c0_s3_hm1__z12_c0_s3_hm1,425.0,47.714226295115,0.144769160844844
bad,1,z12_c0_s3_hm1__z12_c0_s3_hm1,430.0,48.07534352273969,0.1442244202649983
bad,1,z12_c0_s3_hm1__z12_c0_s3_hm1,435.0,46.258215963101016,0.1470298656262444
bad,1,z12_c0_s3_hm1__z12_c0_s3_hm1,440.0,44.935747497880044,0.14917773701965226
bad,1,z12_c0_s3_hm1__z12_c0_s3_hm1,445.0,43.01480014141877,0.15247233291461001
bad,1,z12_c0_s3_hm1__z12_c0_s3_hm1,450.0,38.541712860741605,0.16107735672184464
bad,1,z12_c0_s3_hm1__z12_c0_s3_hm1,455.0,38.666184431555536,0.1608178830567663
bad,1,z12_c0_s3_hm1__z12_c0_s3_hm1,460.0,37.108859051119765,0.16415767751781726
bad,1,z12_c0_s3_hm1__z12_c0_s3_hm1,465.0,35.07236647666494,0.16885637621415892
bad,1,z12_c0_s3_hm1__z12_c0_s3_hm1,470.0,33.23450122306937,0.1734624265186437
bad,1,z12_c0_s3_hm1__z12_c0_s3_hm1,475.0,29.51742231843062,0.18406057970336243
bad,1,z12_c0_s3_hm1__z12_c0_s3_hm1,480.0,30.111536928767055,0.18223573322631048
bad,1,z12_c0_s3_hm1__z12_c0_s3_hm1,485.0,28.428059170601045,0.18755402754129177
bad,1,z12_c0_s3_hm1__z12_c0_s3_hm1,490.0,27.164744771306722,0.19186563066739562
bad,1,z12_c0_s3_hm1__z12_c0_s3_hm1,495.0,25.775113308981723,0.19696982925022222
bad,1,z12_c0_s3_hm1__z12_c0_s3_hm1,500.0,22.446040743711844,0.2110717576039579
bad,1,z12_c0_s3_hm1__z12_c0_s3_hm1,505.0,23.603578566983916,0.20583113747035303
bad,1,z12_c0_s3_hm1__z12_c0_s3_hm1,510.0,22.616961914279322,0.21027268807201507
bad,1,z12_c0_s3_hm1__z12_c0_s3_hm1,515.0,21.737072811468316,0.2144862567696927
bad,1,z12_c0_s3_hm1__z12_c0_s3_hm1,520.0,20.97617657492063,0.21834177416425418
bad,1,z12_c0_s3_hm1__z12_c0_s3_hm1,525.0,17.94044736317732,0.23609313865944073
bad,1,z12_c0_s3_hm1__z12_c0_s3_hm1,530.0,18.806088493205156,0.2305954651649489
bad,1,z12_c0_s3_hm1__z12_c0_s3_hm1,535.0,18.029465716458184,0.23550957648496118
bad,1,z12_c0_s3_hm1__z12_c0_s3_hm1,540.0,18.190472090208115,0.23446499606772492
bad,1,z12_c0_s3_hm1__z12_c0_s3_hm1,545.0,17.358312365924274,0.24001934726595933
bad,1,z12_c0_s3_hm1__z12_c0_s3_hm1,550.0,14.223048840440747,0.26515733737343183
bad,1,z12_c0_s3_hm1__z12_c0_s3_hm1,555.0,15.597779608100586,0.2532028619500905
bad,1,z12_c0_s3_hm1__z12_c0_s3_hm1,560.0,15.084266827283376,0.25747667787685014
bad,1,z12_c0_s3_hm1__z12_c0_s3_hm1,565.0,15.172070210036043,0.25673056590631094
bad,1,z12_c0_s3_hm1__z12_c0_s3_hm1,570.0,14.586390683338912,0.26183402338145223
bad,1,z12_c0_s3_hm1__z12_c0_s3_hm1,575.0,11.69567625310452,0.2924067076929989
bad,1,z12_c0_s3_hm1__z12_c0_s3_hm1,580.0,12.920663763523176,0.27820029587491035
bad,1,z12_c0_s3_hm1__z12_c0_s3_hm1,585.0,12.322775479141718,0.2848693549304294
bad,1,z12_c0_s3_hm1__z12_c0_s3_hm1,590.0,13.032192374559388,0.2770073285048237
bad,1,z12_c0_s3_hm1__z12_c0_s3_hm1,595.0,12.550991017520952,0.2822675739831876
bad,1,z12_c0_s3_hm1__z12_c0_s3_hm1,600.0,9.883030891728943,0.318093594376772
bad,1,z12_c0_s3_hm1__z12_c0_s3_hm1,605.0,11.134894193299473,0.29967944290767073
bad,1,z12_c0_s3_hm1__z12_c0_s3_hm1,610.0,10.470955686728248,0.3090344098185572
bad,1,z12_c0_s3_hm1__z12_c0_s3_hm1,615.0,10.614869912332928,0.3069323481532461
bad,1,z12_c0_s3_hm1__z12_c0_s3_hm1,620.0,10.242508585584076,0.31246172905326924
bad,1,z12_c0_s3_hm1__z12_c0_s3_hm1,625.0,7.9775164624211286,0.3540512609502656
bad,1,z12_c0_s3_hm1__z12_c0_s3_hm1,630.0,9.217692561418058,0.32937367881598517
bad,1,z12_c0_s3_hm1__z12_c0_s3_hm1,635.0,8.912440438227993,0.33496673473530936
bad,1,z12_c0_s3_hm1__z12_c0_s3_hm1,640.0,8.71778223161339,0.3386858026676794
bad,1,z12_c0_s3_hm1__z12_c0_s3_hm1,645.0,8.566804984433835,0.3416571860623944
bad,1,z12_c0_s3_hm1__z12_c0_s3_hm1,650.0,6.846325117603777,0.3821828902857916
bad,1,z12_c0_s3_hm1__z12_c0_s3_hm1,655.0,8.086200807210025,0.3516638601375897
bad,1,z12_c0_s3_hm1__z12_c0_s3_hm1,660.0,7.836775602886502,0.3572163217939204
bad,1,z12_c0_s3_hm1__z12_c0_s3_hm1,665.0,7.427223853346419,0.3669329759824902
bad,1,z12_c0_s3_hm1__z12_c0_s3_hm1,670.0,7.333719839417256,0.36926474194785125
bad,1,z12_c0_s3_hm1__z12_c0_s3_hm1,675.0,5.740213726991101,0.41738416505688336
bad,1,z12_c0_s3_hm1__z12_c0_s3_hm1,680.0,7.110529170352249,0.37501534508293766
bad,1,z12_c0_s3_hm1__z12_c0_s3_hm1,685.0,6.944487280556222,0.3794721488539906
bad,1,z12_c0_s3_hm1__z12_c0_s3_hm1,690.0,6.452701332218549,0.3936671879955158
bad,1,z12_c0_s3_hm1__z12_c0_s3_hm1,695.0,6.201443048047466,0.4015629353467674
bad,1,z12_c0_s3_hm1__z12_c0_s3_hm1,700.0,7.053048868223852,0.3765403773788445
bad,2,z12_c0_s3_hm1__z12_c0_s3_hp1,400.0,91.39542895472329,0.10460146383125173
bad,2,z12_c0_s3_hm1__z12_c0_s3_hp1,405.0,49.35755862259154,0.14233875570421184
bad,2,z12_c0_s3_hm1__z12_c0_s3_hp1,410.0,49.77306109760325,0.1417433929664127
bad,2,z12_c0_s3_hm1__z12_c0_s3_hp1,415.0,52.21320744502032,0.1383916265359494
bad,2,z12_c0_s3_hm1__z12_c0_s3_hp1,420.0,50.74278413085092,0.14038246173655053
bad,2,z12_c0_s3_hm1__z12_c0_s3_hp1,425.0,47.2702132496951,0.14544748606213456
bad,2,z12_c0_s3_hm1__z12_c0_s3_hp1,430.0,48.09083394124241,0.1442011905101894
bad,2,z12_c0_s3_hm1__z12_c0_s3_hp1,435.0,46.03121055682142,0.14739196262018367
bad,2,z12_c0_s3_hm1__z12_c0_s3_hp1,440.0,44.60451635880279,0.14973060611691605
bad,2,z12_c0_s3_hm1__z12_c0_s3_hp1,445.0,42.562401106256345,0.1532805111212014
bad,2,z12_c0_s3_hm1__z12_c0_s3_hp1,450.0,38.24787221464972,0.16169491416611054
bad,2,z12_c0_s3_hm1__z12_c0_s3_hp1,455.0,38.66909244888424,0.1608118359794528
bad,2,z12_c0_s3_hm1__z12_c0_s3_hp1,460.0,36.987047196116094,0.1644277709148204
bad,2,z12_c0_s3_hm1__z12_c0_s3_hp1,465.0,35.10545696924534,0.16877677522794204
bad,2,z12_c0_s3_hm1__z12_c0_s3_hp1,470.0,33.17590309893613,0.17361555103715104
bad,2,z12_c0_s3_hm1__z12_c0_s3_hp1,475.0,29.536331462618296,0.18400165252640877
bad,2,z12_c0_s3_hm1__z12_c0_s3_hp1,480.0,30.072764714061798,0.18235317183062133
bad,2,z12_c0_s3_hm1__z12_c0_s3_hp1,485.0,28.336152531361623,0.18785794152145965
bad,2,z12_c0_s3_hm1__z12_c0_s3_hp1,490.0,27.3062328643396,0.19136790622645838
bad,2,z12_c0_s3_hm1__z12_c0_s3_hp1,495.0,25.904553359598687,0.19647710286513714
bad,2,z12_c0_s3_hm1__z12_c0_s3_hp1,500.0,22.413024198778714,0.21122716491412627
bad,2,z12_c0_s3_hm1__z12_c0_s3_hp1,505.0,23.53314723399805,0.20613891888624009
bad,2,z12_c0_s3_hm1__z12_c0_s3_hp1,510.0,22.581903595605954,0.2104358485407258
bad,2,z12_c0_s3_hm1__z12_c0_s3_hp1,515.0,21.80598570652484,0.21414707088073615
bad,2,z12_c0_s3_hm1__z12_c0_s3_hp1,520.0,21.017254258301158,0.2181282981113668
bad,2,z12_c0_s3_hm1__z12_c0_s3_hp1,525.0,17.844347256415563,0.2367280206854471
bad,2,z12_c0_s3_hm1__z12_c0_s3_hp1,530.0,18.872316572031345,0.23019049854487933
bad,2,z12_c0_s3_hm1__z12_c0_s3_hp1,535.0,18.05928876706679,0.2353150362625022
bad,2,z12_c0_s3_hm1__z12_c0_s3_hp1,540.0,18.12237171976568,0.2349051200505031
bad,2,z12_c0_s3_hm1__z12_c0_s3_hp1,545.0,17.209219304105993,0.2410568157837654
bad,2,z12_c0_s3_hm1__z12_c0_s3_hp1,550.0,14.184083693942512,0.2655212949174031
bad,2,z12_c0_s3_hm1__z12_c0_s3_hp1,555.0,15.646523254625649,0.2528081525986453
bad,2,z12_c0_s3_hm1__z12_c0_s3_hp1,560.0,15.093946672636608,0.257394103908832
bad,2,z12_c0_s3_hm1__z12_c0_s3_hp1,565.0,14.865980815903992,0.25936013047823747
bad,2,z12_c0_s3_hm1__z12_c0_s3_hp1,570.0,14.228486650012423,0.26510666392754545
bad,2,z12_c0_s3_hm1__z12_c0_s3_hp1,575.0,11.615943075921672,0.2934085481816759
bad,2,z12_c0_s3_hm1__z12_c0_s3_hp1,580.0,13.089763950444015,0.2763974885350953
bad,2,z12_c0_s3_hm1__z12_c0_s3_hp1,585.0,12.522563659943625,0.2825877788855655
bad,2,z12_c0_s3_hm1__z12_c0_s3_hp1,590.0,12.584326581794723,0.28189346622003714
bad,2,z12_c0_s3_hm1__z12_c0_s3_hp1,595.0,12.129433142946315,0.28713077786131685
bad,2,z12_c0_s3_hm1__z12_c0_s3_hp1,600.0,9.815327098247941,0.31918877605240253
bad,2,z12_c0_s3_hm1__z12_c0_s3_hp1,605.0,11.464417073322053,0.29534118385426866
bad,2,z12_c0_s3_hm1__z12_c0_s3_hp1,610.0,10.837856621987843,0.30375840196164344
bad,2,z12_c0_s3_hm1__z12_c0_s3_hp1,615.0,10.34157273769036,0.3109615587019921
bad,2,z12_c0_s3_hm1__z12_c0_s3_hp1,620.0,9.977173774537102,0.3165892993820996
bad,2,z12_c0_s3_hm1__z12_c0_s3_hp1,625.0,8.030036443577213,0.3528915358347795
bad,2,z12_c0_s3_hm1__z12_c0_s3_hp1,630.0,9.707454495427871,0.320957344608288
bad,2,z12_c0_s3_hm1__z12_c0_s3_hp1,635.0,9.359211167410088,0.32687399949828266
bad,2,z12_c0_s3_hm1__z12_c0_s3_hp1,640.0,8.54347715612861,0.3421233128438941
bad,2,z12_c0_s3_hm1__z12_c0_s3_hp1,645.0,8.366239327202429,0.34572824214259784
bad,2,z12_c0_s3_hm1__z12_c0_s3_hp1,650.0,6.885363896345542,0.3810978959376565
bad,2,z12_c0_s3_hm1__z12_c0_s3_hp1,655.0,8.577714333106922,0.3414398529195945
bad,2,z12_c0_s3_hm1__z12_c0_s3_hp1,660.0,8.343161294186617,0.34620607168646717
bad,2,z12_c0_s3_hm1__z12_c0_s3_hp1,665.0,7.272390213005121,0.37081851737841426
bad,2,z12_c0_s3_hm1__z12_c0_s3_hp1,670.0,7.130049776088774,0.3745016358999534
bad,2,z12_c0_s3_hm1__z12_c0_s3_hp1,675.0,5.822195255269838,0.4144351827733806
bad,2,z12_c0_s3_hm1__z12_c0_s3_hp1,680.0,7.649768518800252,0.3615562332339547
bad,2,z12_c0_s3_hm1__z12_c0_s3_hp1,685.0,7.4714009301798665,0.36584656265216686
bad,2,z12_c0_s3_hm1__z12_c0_s3_hp1,690.0,6.258534852191241,0.3997271641317599
bad,2,z12_c0_s3_hm1__z12_c0_s3_hp1,695.0,6.026995872526025,0.4073329598429177
bad,2,z12_c0_s3_hm1__z12_c0_s3_hp1,700.0,7.713113497758574,0.36006850787486444
bad,3,z12_c0_s3_hp1__z12_c0_s3_hp1,400.0,90.45813153305991,0.10514199024113804
bad,3,z12_c0_s3_hp1__z12_c0_s3_hp1,405.0,49.4496264827248,0.14220618715841435
bad,3,z12_c0_s3_hp1__z12_c0_s3_hp1,410.0,49.55909960604908,0.1420490377937219
bad,3,z12_c0_s3_hp1__z12_c0_s3_hp1,415.0,51.24619831865704,0.13969124033860794
bad,3,z12_c0_s3_hp1__z12_c0_s3_hp1,420.0,49.953564759055276,0.14148707136083358
bad,3,z12_c0_s3_hp1__z12_c0_s3_hp1,425.0,46.826200204275196,0.14613543652372285
bad,3,z12_c0_s3_hp1__z12_c0_s3_hp1,430.0,48.106324359745116,0.1441779719763874
bad,3,z12_c0_s3_hp1__z12_c0_s3_hp1,435.0,45.80420515054182,0.14775674811618997
bad,3,z12_c0_s3_hp1__z12_c0_s3_hp1,440.0,44.27328521972554,0.1502896681125943
bad,3,z12_c0_s3_hp1__z12_c0_s3_hp1,445.0,42.11000207109393,0.154101678308799
bad,3,z12_c0_s3_hp1__z12_c0_s3_hp1,450.0,37.95403156855784,0.16231962950821457
bad,3,z12_c0_s3_hp1__z12_c0_s3_hp1,455.0,38.67200046621296,0.16080578958423497
bad,3,z12_c0_s3_hp1__z12_c0_s3_hp1,460.0,36.865235341112424,0.16469920189149023
bad,3,z12_c0_s3_hp1__z12_c0_s3_hp1,465.0,35.13854746182574,0.16869728671036224
bad,3,z12_c0_s3_hp1__z12_c0_s3_hp1,470.0,33.11730497480289,0.17376908178640738
bad,3,z12_c0_s3_hp1__z12_c0_s3_hp1,475.0,29.555240606805974,0.18394278191002253
bad,3,z12_c0_s3_hp1__z12_c0_s3_hp1,480.0,30.033992499356543,0.18247083777166628
bad,3,z12_c0_s3_hp1__z12_c0_s3_hp1,485.0,28.2442458921222,0.18816333769941865
bad,3,z12_c0_s3_hp1__z12_c0_s3_hp1,490.0,27.44772095737248,0.19087403528299204
bad,3,z12_c0_s3_hp1__z12_c0_s3_hp1,495.0,26.03399341021565,0.19598805578891568
bad,3,z12_c0_s3_hp1__z12_c0_s3_hp1,500.0,22.38000765384559,0.21138291599910267
bad,3,z12_c0_s3_hp1__z12_c0_s3_hp1,505.0,23.46271590101218,0.20644808513028617
bad,3,z12_c0_s3_hp1__z12_c0_s3_hp1,510.0,22.546845276932586,0.21059938941146394
bad,3,z12_c0_s3_hp1__z12_c0_s3_hp1,515.0,21.874898601581364,0.21380948907209277
bad,3,z12_c0_s3_hp1__z12_c0_s3_hp1,520.0,21.05833194168169,0.21791544699285414
bad,3,z12_c0_s3_hp1__z12_c0_s3_hp1,525.0,17.748247149653807,0.2373680522287706
bad,3,z12_c0_s3_hp1__z12_c0_s3_hp1,530.0,18.938544650857533,0.22978765803830858
bad,3,z12_c0_s3_hp1__z12_c0_s3_hp1,535.0,18.089111817675395,0.2351209773387026
bad,3,z12_c0_s3_hp1__z12_c0_s3_hp1,540.0,18.054271349323244,0.23534773189993022
bad,3,z12_c0_s3_hp1__z12_c0_s3_hp1,545.0,17.06012624228771,0.24210785483682382
bad,3,z12_c0_s3_hp1__z12_c0_s3_hp1,550.0,14.145118547444278,0.26588675530248596
bad,3,z12_c0_s3_hp1__z12_c0_s3_hp1,555.0,15.695266901150713,0.2524152834078667
bad,3,z12_c0_s3_hp1__z12_c0_s3_hp1,560.0,15.103626517989843,0.2573116093354574
bad,3,z12_c0_s3_hp1__z12_c0_s3_hp1,565.0,14.559891421771942,0.2620721863572195
bad,3,z12_c0_s3_hp1__z12_c0_s3_hp1,570.0,13.870582616685933,0.26850516747896
bad,3,z12_c0_s3_hp1__z12_c0_s3_hp1,575.0,11.536209898738825,0.29442075722298416
bad,3,z12_c0_s3_hp1__z12_c0_s3_hp1,580.0,13.258864137364853,0.274629280928829
bad,3,z12_c0_s3_hp1__z12_c0_s3_hp1,585.0,12.722351840745532,0.28036015990874164
bad,3,z12_c0_s3_hp1__z12_c0_s3_hp1,590.0,12.13646078903006,0.28704763394823773
bad,3,z12_c0_s3_hp1__z12_c0_s3_hp1,595.0,11.707875268371678,0.2922543314730732
bad,3,z12_c0_s3_hp1__z12_c0_s3_hp1,600.0,9.74762330476694,0.3202953481652375
bad,3,z12_c0_s3_hp1__z12_c0_s3_hp1,605.0,11.793939953344633,0.2911860356993879
bad,3,z12_c0_s3_hp1__z12_c0_s3_hp1,610.0,11.204757557247436,0.2987437086106753
bad,3,z12_c0_s3_hp1__z12_c0_s3_hp1,615.0,10.068275563047791,0.31515373123421286
bad,3,z12_c0_s3_hp1__z12_c0_s3_hp1,620.0,9.711838963490127,0.3208848873685608
bad,3,z12_c0_s3_hp1__z12_c0_s3_hp1,625.0,8.082556424733298,0.3517431329015759
bad,3,z12_c0_s3_hp1__z12_c0_s3_hp1,630.0,10.197216429437685,0.31315487829647415
bad,3,z12_c0_s3_hp1__z12_c0_s3_hp1,635.0,9.805981896592181,0.31934083492670456
bad,3,z12_c0_s3_hp1__z12_c0_s3_hp1,640.0,8.369172080643832,0.3456676612079236
bad,3,z12_c0_s3_hp1__z12_c0_s3_hp1,645.0,8.165673669971023,0.3499483821211224
bad,3,z12_c0_s3_hp1__z12_c0_s3_hp1,650.0,6.924402675087306,0.3800220901323683
bad,3,z12_c0_s3_hp1__z12_c0_s3_hp1,655.0,9.06922785900382,0.33205868468196725
bad,3,z12_c0_s3_hp1__z12_c0_s3_hp1,660.0,8.849546985486732,0.33615492639924244
bad,3,z12_c0_s3_hp1__z12_c0_s3_hp1,665.0,7.117556572663823,0.374830166749755
bad,3,z12_c0_s3_hp1__z12_c0_s3_hp1,670.0,6.926379712760292,0.37996785028118635
bad,3,z12_c0_s3_hp1__z12_c0_s3_hp1,675.0,5.904176783548574,0.4115478371590055
bad,3,z12_c0_s3_hp1__z12_c0_s3_hp1,680.0,8.189007867248256,0.3494494456191797
bad,3,z12_c0_s3_hp1__z12_c0_s3_hp1,685.0,7.998314579803512,0.3535906393555501
bad,3,z12_c0_s3_hp1__z12_c0_s3_hp1,690.0,6.064368372163934,0.40607589760334833
bad,3,z12_c0_s3_hp1__z12_c0_s3_hp1,695.0,5.852548697004584,0.41335908005587646
bad,3,z12_c0_s3_hp1__z12_c0_s3_hp1,700.0,8.373178127293295,0.34558496104168235
