candidate_id,zone_count,charge_start,charge_step,handedness,median_fisher,median_crlb_nm,mean_adjacent_psf_similarity,max_adjacent_psf_similarity
z04_c0_s1_hm1,4,0,1,-1,42.04190367395452,0.1542264327835192,0.9681445956230164,0.9907081127166748
z04_c0_s1_hp1,4,0,1,1,41.23380744330109,0.1557303575615384,0.9676461815834045,0.9907112717628479
z04_c0_s2_hm1,4,0,2,-1,38.25845635956853,0.16167254629051345,0.9740581512451172,0.9909544587135315
z04_c0_s2_hp1,4,0,2,1,41.81864569846793,0.15463757052814467,0.9740533232688904,0.9909504055976868
z04_c0_s3_hm1,4,0,3,-1,28.58798964584398,0.18702867276522145,0.9782065153121948,0.9923707246780396
z04_c0_s3_hp1,4,0,3,1,28.62355656841141,0.1869124380477722,0.9782422184944153,0.9923915863037109
z04_c1_s1_hm1,4,1,1,-1,42.0345862012126,0.15423985623678976,0.9692615270614624,0.9904181361198425
z04_c1_s1_hp1,4,1,1,1,46.09718712189448,0.1472864475331656,0.9691768288612366,0.9898871183395386
z04_c1_s2_hm1,4,1,2,-1,48.37379204897785,0.14377882606829653,0.9698179364204407,0.9900370240211487
z04_c1_s2_hp1,4,1,2,1,46.757865680206606,0.14624218273064604,0.9697744846343994,0.9900619983673096
z04_c1_s3_hm1,4,1,3,-1,40.63480900469044,0.15687397045346652,0.9729689955711365,0.9906330704689026
z04_c1_s3_hp1,4,1,3,1,40.098243485878584,0.15792006921520435,0.9730789661407471,0.9907513856887817
z04_c2_s1_hm1,4,2,1,-1,44.469151002586116,0.14995832505758028,0.9694463610649109,0.9909439086914062
z04_c2_s1_hp1,4,2,1,1,46.95390307557291,0.14593657530198173,0.9693412184715271,0.9897588491439819
z04_c2_s2_hm1,4,2,2,-1,50.20363235149276,0.141134253258888,0.9689134955406189,0.989203929901123
z04_c2_s2_hp1,4,2,2,1,49.673274575880185,0.14188569266426976,0.9688114523887634,0.9891900420188904
z04_c2_s3_hm1,4,2,3,-1,46.77845761323286,0.146209991195637,0.970475971698761,0.9902315139770508
z04_c2_s3_hp1,4,2,3,1,47.719900722102764,0.14476055325720075,0.9705696105957031,0.9901727437973022
z06_c0_s1_hm1,6,0,1,-1,39.56487004951806,0.15898096478095514,0.970408022403717,0.9911512732505798
z06_c0_s1_hp1,6,0,1,1,39.475581718702124,0.15916065975387575,0.9703155159950256,0.9907835721969604
z06_c0_s2_hm1,6,0,2,-1,33.179213222820636,0.17360689044425925,0.9776254892349243,0.9919017553329468
z06_c0_s2_hp1,6,0,2,1,35.79972208229262,0.16713221634656167,0.9773359894752502,0.9918980598449707
z06_c0_s3_hm1,6,0,3,-1,27.29556391525299,0.19140530232103356,0.9807748198509216,0.9930123090744019
z06_c0_s3_hp1,6,0,3,1,27.038380588049435,0.19231345117167417,0.9807613492012024,0.9930611848831177
z06_c1_s1_hm1,6,1,1,-1,43.73405630364286,0.15121334485334761,0.965433657169342,0.9889795780181885
z06_c1_s1_hp1,6,1,1,1,46.573016695316014,0.14653211401196756,0.9654556512832642,0.9891089200973511
z06_c1_s2_hm1,6,1,2,-1,42.93631394714277,0.1526116265360913,0.9712753891944885,0.9905472993850708
z06_c1_s2_hp1,6,1,2,1,43.64470349664223,0.15136805352866747,0.971153199672699,0.9905273914337158
z06_c1_s3_hm1,6,1,3,-1,31.878179444318278,0.17711414400187006,0.9763821363449097,0.9916269779205322
z06_c1_s3_hp1,6,1,3,1,31.365438465839212,0.17855594661481453,0.9764137268066406,0.9916809797286987
z06_c2_s1_hm1,6,2,1,-1,46.7639036200265,0.14623274136739134,0.9677780270576477,0.9897119998931885
z06_c2_s1_hp1,6,2,1,1,48.04128137240153,0.1442755400860557,0.9676043391227722,0.9898555874824524
z06_c2_s2_hm1,6,2,2,-1,51.919791680662165,0.13878212383234395,0.9679319858551025,0.989485502243042
z06_c2_s2_hp1,6,2,2,1,52.742541011010864,0.13769541375563152,0.9678548574447632,0.9894741177558899
z06_c2_s3_hm1,6,2,3,-1,38.84863949939043,0.16043979297484046,0.9730783104896545,0.9909747838973999
z06_c2_s3_hp1,6,2,3,1,37.75319284510904,0.16275080927557922,0.9730530977249146,0.9909489154815674
z08_c0_s1_hm1,8,0,1,-1,35.63156034322704,0.16752613905871552,0.9665210247039795,0.9920875430107117
z08_c0_s1_hp1,8,0,1,1,39.16276566984235,0.1597950503725812,0.9667232036590576,0.9910299181938171
z08_c0_s2_hm1,8,0,2,-1,30.011946441028932,0.18253784482593025,0.9781529307365417,0.9933571219444275
z08_c0_s2_hp1,8,0,2,1,31.712325613327966,0.17757668894824874,0.9775064587593079,0.9933639764785767
z08_c0_s3_hm1,8,0,3,-1,25.16123384995609,0.19935816749079857,0.9800208806991577,0.9939067959785461
z08_c0_s3_hp1,8,0,3,1,25.099868245416886,0.1996017198879718,0.9800553917884827,0.9937828779220581
z08_c1_s1_hm1,8,1,1,-1,39.658836649730674,0.1587925104353444,0.9628413915634155,0.9926978945732117
z08_c1_s1_hp1,8,1,1,1,44.189763316245326,0.15043163032888623,0.9624574780464172,0.9895973801612854
z08_c1_s2_hm1,8,1,2,-1,34.90093123157603,0.16927058397037748,0.9722526669502258,0.9919092655181885
z08_c1_s2_hp1,8,1,2,1,36.51414451456389,0.16548911557697113,0.9718762040138245,0.9918930530548096
z08_c1_s3_hm1,8,1,3,-1,27.349617031967398,0.19121606438556923,0.9768979549407959,0.9931831359863281
z08_c1_s3_hp1,8,1,3,1,27.182239342064584,0.19180387808211571,0.9768922328948975,0.9931333661079407
z08_c2_s1_hm1,8,2,1,-1,39.95062508146007,0.15821155919552946,0.9619478583335876,0.9919390678405762
z08_c2_s1_hp1,8,2,1,1,46.86110831829864,0.1460809962528377,0.9615592956542969,0.9887295365333557
z08_c2_s2_hm1,8,2,2,-1,44.48618251629111,0.14992961657303752,0.9674583673477173,0.9907815456390381
z08_c2_s2_hp1,8,2,2,1,45.2155520810329,0.14871544707306528,0.9672436118125916,0.9907802939414978
z08_c2_s3_hm1,8,2,3,-1,29.487387624976805,0.18415429428012492,0.9745693206787109,0.992602527141571
z08_c2_s3_hp1,8,2,3,1,29.64619408377044,0.18366040017841187,0.9745901823043823,0.9926959276199341
z10_c0_s1_hm1,10,0,1,-1,29.245998742738912,0.18491271341938537,0.9707416296005249,0.9919816255569458
z10_c0_s1_hp1,10,0,1,1,34.317566203144786,0.17070323830232778,0.9704723358154297,0.9923890829086304
z10_c0_s2_hm1,10,0,2,-1,28.93674520359133,0.1858981894060604,0.978733241558075,0.9942519664764404
z10_c0_s2_hp1,10,0,2,1,29.935410163840153,0.1827710443811818,0.9782392382621765,0.9942615032196045
z10_c0_s3_hm1,10,0,3,-1,22.885084991058147,0.2090372749313808,0.980503499507904,0.9949992895126343
z10_c0_s3_hp1,10,0,3,1,22.918501993799026,0.2088848228346756,0.9805184602737427,0.994788646697998
z10_c1_s1_hm1,10,1,1,-1,37.174595818081826,0.16401247123430512,0.9616061449050903,0.9914252161979675
z10_c1_s1_hp1,10,1,1,1,43.15603961440107,0.15222262556359964,0.9614241123199463,0.9902378916740417
z10_c1_s2_hm1,10,1,2,-1,31.102138336997953,0.1793101507385863,0.9751900434494019,0.9936791658401489
z10_c1_s2_hp1,10,1,2,1,32.31710634376316,0.17590726097428938,0.974707841873169,0.993658185005188
z10_c1_s3_hm1,10,1,3,-1,25.70544749255008,0.19723655830267225,0.978080689907074,0.994774341583252
z10_c1_s3_hp1,10,1,3,1,25.9833931833969,0.1961787971708299,0.9781158566474915,0.9945538640022278
z10_c2_s1_hm1,10,2,1,-1,39.41936880212573,0.15927410268583578,0.9604924917221069,0.9908648133277893
z10_c2_s1_hp1,10,2,1,1,46.904020153409334,0.1460141572268407,0.9600157141685486,0.9921244382858276
z10_c2_s2_hm1,10,2,2,-1,37.977462503593976,0.16226954865427548,0.9709332585334778,0.9925166368484497
z10_c2_s2_hp1,10,2,2,1,39.326608834924095,0.1594618325613363,0.9705829620361328,0.9925203323364258
z10_c2_s3_hm1,10,2,3,-1,27.88167651982561,0.1893828107369341,0.9765506982803345,0.9945986270904541
z10_c2_s3_hp1,10,2,3,1,28.168054531840163,0.18841764598211805,0.9765791296958923,0.9944946765899658
z12_c0_s1_hm1,12,0,1,-1,28.27886487863749,0.1880481276491435,0.972063422203064,0.9929455518722534
z12_c0_s1_hp1,12,0,1,1,34.78238422835809,0.169558796697326,0.9715994000434875,0.9933134317398071
z12_c0_s2_hm1,12,0,2,-1,29.663853602326512,0.18360572358208171,0.9779736995697021,0.9941383600234985
z12_c0_s2_hp1,12,0,2,1,30.32274864640346,0.1815999468275129,0.9778218865394592,0.9941464066505432
z12_c0_s3_hm1,12,0,3,-1,20.008860007137162,0.2235572852543122,0.9812539219856262,0.9961792230606079
z12_c0_s3_hp1,12,0,3,1,20.09156698725392,0.22309667370777714,0.9812542200088501,0.9960110783576965
z12_c1_s1_hm1,12,1,1,-1,35.66433624090873,0.1674491422282424,0.9645978212356567,0.9909639954566956
z12_c1_s1_hp1,12,1,1,1,41.59499671752508,0.1550527427076339,0.9643357396125793,0.9930298924446106
z12_c1_s2_hm1,12,1,2,-1,29.8137491759974,0.1831435816813573,0.9763514399528503,0.9943066835403442
z12_c1_s2_hp1,12,1,2,1,30.48991004672465,0.1811014503854291,0.9760850667953491,0.9943054914474487
z12_c1_s3_hm1,12,1,3,-1,22.162896341037914,0.2124157632752947,0.9794111251831055,0.9959555864334106
z12_c1_s3_hp1,12,1,3,1,22.487974686150736,0.21087487013148312,0.9794245362281799,0.9959867000579834
z12_c2_s1_hm1,12,2,1,-1,38.67881418810539,0.16079162505759914,0.9595265984535217,0.9893078207969666
z12_c2_s1_hp1,12,2,1,1,47.969971030901476,0.14438273753780087,0.9595178365707397,0.9926794767379761
z12_c2_s2_hm1,12,2,2,-1,34.09911283196925,0.1712491639926232,0.9746291637420654,0.9939653277397156
z12_c2_s2_hp1,12,2,2,1,34.85714711763494,0.1693768611223074,0.9742915630340576,0.9939658641815186
z12_c2_s3_hm1,12,2,3,-1,25.62331953609942,0.1975523970882533,0.9782044887542725,0.9959243535995483
z12_c2_s3_hp1,12,2,3,1,25.786636639965863,0.1969258141621635,0.9782868027687073,0.9960224032402039
